Geneid,Feature,Coefficient
A2M,A2M,0.009393259555205783
A2M,B2M,0.009242981942828238
A2M,C7,-0.0007317057467814556
A2M,CD74,-0.006514433393326287
A2M,COL5A1,-0.009219117671041268
A2M,EGR1,0.005305134366887078
A2M,FGFR1,-0.00961727875010204
A2M,LTBP1,0.00268091916525759
A2M,SPP1,-0.0017270895816440426
A2M,THBS1,0.004262595694417027
ACVR1C,A2M,0.0003475974542126336
ACVR1C,COL6A3,-1.7367060687867842e-05
ADAM12,THBS1,9.702132101076569e-05
ADGRE1,A2M,-9.775288411458143e-05
ADGRE1,B2M,1.9564518952261522e-05
ADGRE1,CD74,-1.3513501029635243e-05
ADGRE1,COL5A1,-0.00034930348798579476
ADGRE1,COL6A3,0.0001962312862737553
ADGRE1,CTNNB1,0.00010710278373616518
ADGRE1,EGR1,5.075024246699002e-06
ADGRE1,ENO1,3.0528632495923166e-05
ADGRE1,ESR1,0.0005364614120158856
ADGRE1,PKM,0.0003233005667827814
ADGRE1,SPP1,1.5801109552965857e-05
ADGRE1,STAT1,0.00033367065153615965
ADGRE1,THBS1,-1.5738879501688482e-05
ADGRE1,VCAN,-1.8478638589305243e-05
ADM,COL6A3,8.298532147578934e-20
ADORA2A,CD74,-1.100452863483231e-05
ADORA2A,THBS1,1.920606437432786e-05
AKT1,ALDOA,-3.5393622360443866e-05
AKT1,CD74,-0.0004134288220482231
AKT1,COL6A3,-0.0005678419582370737
AKT1,EGR1,-0.00018606416005012617
AKT1,LTBP1,0.0010770943221424863
AKT1,MKI67,0.0002661673071887055
AKT1,SPP1,-2.5338498876467646e-05
AKT1,VCAN,0.003297037623416658
ALDOA,COL6A3,0.0003787923154539448
ALDOA,EGR1,-0.001710608604520357
ALDOA,FGFR1,0.0028557227482975925
ALDOA,VCAN,0.0007658143092195625
ALDOC,COL6A3,-2.0746330368947335e-20
ANGPT2,COL6A3,-2.123610394742274e-05
ANGPT2,LTBP1,0.00016558250754518294
APC,THBS1,2.9410596479877416e-20
APLNR,A2M,0.0001442076716518935
APLNR,B2M,4.3452099228889316e-05
APLNR,C7,-1.2552770246843672e-05
APLNR,CD74,-0.00011540132618628943
APLNR,COL5A1,-0.00013196508909966794
APLNR,FGFR1,-1.3392265923914784e-05
APLNR,STAT1,0.0009255903688423818
APLNR,THBS1,9.25486412080001e-05
APOL6,THBS1,2.3528477183901933e-19
AQP9,THBS1,1.1764238591950967e-19
AREG,THBS1,9.411390873560773e-19
ARG1,C7,-1.0368653149446245e-05
ARG1,CD74,-4.040480468973324e-06
ARG1,COL6A3,-5.130667504640011e-06
ARG1,EGR1,6.363463850298661e-06
ARG1,FGFR1,-4.9674553645807455e-05
ARG1,LTBP1,1.732466073390943e-05
ARG1,MYC,-7.580460924903025e-05
ARG1,RPL23,-8.684967941801922e-05
ARG1,SPP1,-1.4346059771665386e-05
ARG1,THBS1,4.309168215366286e-05
ARG2,THBS1,2.9410596479877416e-20
ARID1A,CD74,2.9307870025402866e-05
ATF3,EGR1,0.0016882754638543884
ATM,A2M,0.0007944158519134749
ATM,ALDOA,0.0004796197384384913
ATM,B2M,0.0013632236495708043
ATM,C7,0.00043083708885125415
ATM,CD74,-0.0007871652361789609
ATM,COL5A1,-0.0008816905582125296
ATM,COL6A3,4.684439133102507e-05
ATM,FGFR1,-0.00039440033165453656
ATM,HIF1A,8.334137988270133e-05
ATM,SPP1,-0.000552750372431388
ATM,THBS1,0.0005213113126754686
ATM,TPI1,0.0016539393964732254
AXIN1,EGR1,-4.8607046028296094e-05
AXL,CD74,-0.0002944959963142445
AXL,THBS1,0.0005003224987589811
B2M,CD74,-0.005485495131322582
B2M,EGR1,0.014617859220055585
B2M,THBS1,0.015329204340720609
BAD,EGR1,-3.300147404137023e-20
BAMBI,CD74,-0.00013049641847479788
BATF3,COL5A1,-0.00016810365359294318
BATF3,CTNNB1,0.00025533881873756334
BATF3,EGR1,-2.9201612109309278e-05
BATF3,PKM,0.00017029850580481986
BATF3,THBS1,0.0001410874109434204
BAX,COL6A3,4.149266073789467e-20
BBC3,THBS1,3.068042406160424e-05
BBS1,A2M,0.0007121791892588955
BBS1,ALDOA,0.0005891883973165354
BBS1,APOE,0.003190376393221107
BBS1,C7,0.0018780191817787029
BBS1,CD47,0.005307884673676989
BBS1,CD74,-0.0008154962753647962
BBS1,COL5A1,0.00250528687607358
BBS1,COL6A3,-0.0008285327344863967
BBS1,EGR1,-0.000808906744056724
BBS1,FGFR1,-0.0005924089102500189
BBS1,HIF1A,-0.000692332269044006
BBS1,HLA-B,0.0018757852166954782
BBS1,IFITM1,0.0008444598721268041
BBS1,MKI67,0.0005950031887025085
BBS1,MMP7,-0.000741793081619109
BBS1,MYC,0.002138432774629763
BBS1,PKM,0.00030102709779474874
BBS1,POLR2A,-0.0016552528139503224
BBS1,RPL23,-0.0012353765866818915
BBS1,RPL7A,1.3140588362936718e-05
BBS1,SPP1,0.0002092592199442747
BBS1,STAT1,-3.0474595822906922e-05
BBS1,TFRC,0.00027433480297028493
BBS1,VCAN,-0.0005672415686268528
BCAT1,COL6A3,3.3194128590315736e-19
BCL2,CD74,-8.176818244444385e-05
BCL2,EGR1,0.00021398680796499923
BCL2,FGFR1,-0.0003218965697757093
BCL2,VCAN,-0.00014932341291803479
BCL2L1,COL6A3,-8.298532147578934e-20
BCL6B,THBS1,4.065091418328993e-05
BID,EGR1,1.8109114111537052e-05
BID,THBS1,2.2430708335411617e-05
BIRC3,C7,0.00011961421133471343
BIRC3,COL5A1,-0.0001832529173238824
BIRC3,PKM,0.001304045719989467
BIRC3,SPP1,-0.00013151789742331727
BIRC3,THBS1,0.00013447341491203339
BIRC3,VCAN,-0.00010925693192065828
BIRC5,CD74,2.035046184768447e-19
BMP2,EGR1,3.722542435628376e-05
BNIP3,THBS1,-2.9410596479877416e-20
BNIP3L,CD74,-0.0002915445995539886
BRD3,A2M,0.0004629136848948863
BRD3,APOE,0.0003448098022265278
BRD3,C7,-0.0001560225516106485
BRD3,CD74,-0.0004742891152022344
BRD3,COL6A3,0.0002490476028190822
BRD3,EGR1,-4.264595458307476e-05
BRD3,FGFR1,-0.0005163375502050006
BRD3,LTBP1,-0.0007752634053367556
BRD3,MKI67,0.004567346664725959
BRD3,PKM,-0.0027137771912102817
BRD3,S100A9,-0.00021920296662866258
BRD3,SPP1,-0.000293881610312502
BRD3,THBS1,-6.151495756562818e-05
BRD4,CD74,0.0007846742866239997
BRD4,COL6A3,-0.0006930638165209407
BRD4,MYC,0.00045416269557844844
BRD4,RPL7A,0.0003274995266612723
BRD4,THBS1,-0.0004421768012803622
BRD4,VCAN,-0.0002728808904149412
BTLA,THBS1,7.352649119969354e-21
C1QA,CD74,-0.0007989636524106702
C1QA,EGR1,0.0015036281142342283
C1QB,CD74,-0.0017262935880844308
C1QB,EGR1,0.0030548939174463597
C1QB,SPP1,0.00320122929885315
C5,CD74,-1.2719038654802794e-20
C5AR1,THBS1,5.882119295975483e-20
C7,EGR1,0.005164045366377525
CASP1,CD74,-0.00019522303354779216
CASP1,EGR1,0.00014714600882768163
CASP1,THBS1,0.0002922774362327307
CASP3,A2M,-0.00038561964353182106
CASP3,APOE,-0.0001958971128396953
CASP3,B2M,-0.00014986035797403123
CASP3,CD74,-0.00012642506126626222
CASP3,COL11A1,-0.00035360179430109646
CASP3,CTNNB1,0.0014936387537151474
CASP3,EGR1,0.0001384669276726212
CASP3,FGFR1,-0.0004165181919485406
CASP3,HLA-B,-0.00013020938146170042
CASP3,MKI67,0.00016461038671249282
CASP3,MYC,-0.0007474545103316714
CASP3,POLR2A,0.00036042426266949616
CASP3,RPL23,-0.0016187588457106884
CASP3,SPP1,-0.0002033574278866947
CASP3,THBS1,0.00048429006600796576
CASP3,UBB,-0.0005048076361636998
CASP9,ATM,-4.35395969157527e-05
CASP9,C7,8.359924127132143e-05
CASP9,COL5A1,0.0002808308913845507
CASP9,COL6A3,-3.026848194223834e-05
CASP9,EGR1,-0.00018734682466261762
CASP9,LTBP1,2.159667997140263e-05
CASP9,MKI67,2.1469530656232854e-05
CASP9,MYC,0.0003705738237513251
CASP9,NOTCH2,0.0013088759045562514
CASP9,PKM,0.0009578635502743856
CASP9,SPP1,-0.00012439456027175895
CASP9,THBS1,8.824141823905996e-05
CASP9,TPI1,0.000566593623111614
CASP9,VCAN,-0.00032299027012155744
CBLC,EGR1,-3.08453771809332e-05
CCL13,C7,3.012273385525967e-05
CCL13,LTBP1,6.482215108967762e-05
CCL14,A2M,0.007576877810502814
CCL14,B2M,0.0035785049808065047
CCL14,CD74,-0.0037585351147858058
CCL14,COL11A1,-0.00626209497007929
CCL14,CTNNB1,0.004319627958012931
CCL14,EGR1,0.0007143136736248311
CCL14,FGFR1,-0.004700934737040392
CCL14,SPP1,-0.001404549670925848
CCL14,STAT1,0.0054829643984241104
CCL14,THBS1,0.0015495430222063498
CCL18,EGR1,1.3200589616548092e-19
CCL19,B2M,0.0005750080576979159
CCL19,COL5A1,-0.0003288686576177862
CCL19,EGR1,0.0004914983778189109
CCL19,THBS1,0.0003978011833327724
CCL2,C7,-0.0005398408586637706
CCL2,CD74,-0.0032823979673384453
CCL2,COL11A1,-0.0042362806630915385
CCL2,COL6A3,-0.0004929013290368722
CCL2,CTNNB1,0.004725981996453904
CCL2,EGR1,0.001774231471330905
CCL2,PKM,0.005214959761413404
CCL2,RPL23,-0.010290574370379068
CCL2,SPP1,-0.0017413786206383428
CCL2,THBS1,0.0069622229301546535
CCL20,ALDOA,-0.0016719019545669263
CCL20,C7,0.0008910942878192561
CCL20,CD74,0.00014508572836245285
CCL20,COL11A1,0.004051454924534186
CCL20,ERBB2,0.006895207276827327
CCL20,LTBP1,-0.0003224719183848397
CCL20,MYC,0.0004927120093549766
CCL20,PKM,0.011231800057743466
CCL20,S100A9,-0.00204071384885902
CCL20,SLC2A1,-0.0012841091559332456
CCL20,SPP1,-8.024890730523028e-05
CCL20,THBS1,0.0008439430253948922
CCL20,VCAN,-0.0013544329456784384
CCL21,EGR1,6.600294808274046e-20
CCL22,B2M,0.00011844575684158953
CCL22,COL5A1,-7.085516422302884e-05
CCL22,THBS1,1.5747362394691712e-05
CCL3,CD74,-0.0005727326217641415
CCL3,EGR1,0.0014899194084050684
CCL3,THBS1,0.0002456369020958892
CCL4,CD74,-0.00032162492574751647
CCL4,EGR1,0.0006626146142822418
CCL4,THBS1,0.00015667013570190412
CCL4,VCAN,-1.4769290621935504e-05
CCL8,CD74,-0.0002762986361952952
CCL8,COL11A1,-0.0002471162123306126
CCL8,COL6A3,-0.00012702019415357103
CCL8,CTNNB1,0.00036810216293319616
CCL8,EGR1,9.258525509419508e-05
CCL8,LTBP1,0.0009021124345138384
CCL8,RPL23,-0.0002698181311271585
CCL8,SPP1,0.00014662994320523222
CCL8,THBS1,0.0006437702130285969
CCND1,VCAN,6.530549386929455e-19
CCND2,EGR1,2.6401179233096185e-19
CCR2,THBS1,5.0837211836752066e-05
CCR4,THBS1,0.00013871491611006312
CCR5,A2M,0.0002998433898030291
CCR5,CD74,-0.00015807203163065994
CCR5,EGR1,8.077696582409358e-05
CCR5,THBS1,0.00011500886648910293
CD14,CD74,-0.001027510581122235
CD14,EGR1,0.0013246367720815616
CD163,EGR1,0.0002786416183411438
CD19,THBS1,4.253514240415349e-05
CD1C,THBS1,3.450863397747491e-05
CD2,CD74,-1.3166304696423663e-05
CD2,EGR1,4.194865531451523e-05
CD2,THBS1,0.00010852213137654325
CD209,EGR1,9.218103967112008e-05
CD244,EGR1,8.250368510342558e-21
CD27,CD74,-6.635966701538729e-05
CD27,EGR1,0.00010820368931631653
CD27,THBS1,0.00013692555546335972
CD27,VCAN,-0.00010152469939523312
CD274,CD74,-1.3397289364317676e-05
CD274,THBS1,5.4674788075882715e-05
CD276,A2M,0.0011428829049640293
CD276,ALDOA,-0.0017381814832509892
CD276,BCAT1,-0.001725015012366929
CD276,C7,0.0006389247162611074
CD276,CD47,0.008907922582208374
CD276,CD74,-0.0008171153877238427
CD276,CENPF,-0.0010050572475223574
CD276,COL6A3,-0.0004430861108571153
CD276,CTNNB1,0.003340280334241624
CD276,ENO1,0.005392381640303633
CD276,FGFR1,-0.0020108951699191312
CD276,LDHA,0.0042868708674674485
CD276,MKI67,-0.0005625246894718484
CD276,RPL23,-0.002562677247398171
CD276,SPP1,-0.0014958822851583304
CD276,STAT1,0.001247875149355778
CD276,THBS1,0.0011121684181545125
CD28,A2M,0.00024398902221047113
CD28,B2M,0.0005148675971803768
CD28,CD74,-0.00023311864363729796
CD28,COL11A1,-0.0001293487135028045
CD28,COL5A1,-0.0002030426238383269
CD28,SPP1,-3.4279115969560176e-05
CD28,THBS1,0.0002296855553940945
CD300A,THBS1,2.9410596479877416e-20
CD38,THBS1,1.1764238591950967e-19
CD3D,EGR1,0.0002694094048801344
CD3E,A2M,8.589006771369718e-05
CD3E,C7,-0.0002326440672431074
CD3E,CD74,-7.206671566129198e-05
CD3E,COL5A1,-0.00011083366708885792
CD3E,COL6A3,-3.5781634554557434e-05
CD3E,EGR1,0.0003619250575606386
CD3E,SPP1,-5.0342772711792386e-06
CD3G,EGR1,4.885217843443346e-05
CD3G,THBS1,2.5305733373284517e-05
CD4,THBS1,2.3528477183901933e-19
CD40,COL6A3,9.6434371588009e-06
CD40,THBS1,7.516006703151252e-05
CD40LG,B2M,0.00011740736957511894
CD40LG,COL5A1,-2.211097047413114e-05
CD40LG,THBS1,6.8710019067207775e-06
CD44,A2M,0.0009417289094865534
CD44,C7,-0.00019918135114677088
CD44,CD74,-0.0010557202502917398
CD44,COL5A1,-0.002497410530294935
CD44,CTNNB1,0.004491331685904333
CD44,EGR1,0.0006739903545664787
CD44,LTBP1,0.006164433794635329
CD44,PKM,0.00638112089027887
CD44,SPP1,-0.0014233547148247753
CD44,STAT1,0.0014591721445920424
CD44,THBS1,0.0011726806908333113
CD44,VCAN,0.0001303183559878135
CD47,A2M,-0.000610826941547401
CD47,COL11A1,0.009026749748847594
CD47,COL6A3,-0.0037615275951187813
CD47,LTBP1,-0.004294797603420442
CD47,SPP1,0.0011311221643780134
CD48,EGR1,0.0003202663663392937
CD48,THBS1,0.00027318695709388144
CD5,CD74,-1.2222226192285247e-05
CD5,EGR1,7.39875550073955e-05
CD5,THBS1,2.99643859087355e-05
CD58,CD74,-1.2719038654802794e-20
CD68,CD74,-0.0006083410662927179
CD68,EGR1,0.001853907912136134
CD69,CD74,-0.0001456241510094051
CD69,EGR1,0.0007775009332832222
CD69,THBS1,7.554578224414008e-05
CD70,SPP1,8.588280491676828e-05
CD74,EGR1,0.0062582293388476744
CD79A,THBS1,0.00020693036286724078
CD79A,VCAN,-0.0001442029856469682
CD79B,THBS1,7.352649119969354e-21
CD80,CD74,-2.0201284021902528e-06
CD80,THBS1,4.580720261749938e-05
CD84,CD74,-0.00021255803152578638
CD84,EGR1,0.00043378078710551616
CD86,CD74,-6.118830035360453e-05
CD86,EGR1,2.412246962444704e-05
CD86,THBS1,0.0002036393147176209
CD8B,EGR1,0.00019225076921500778
CD96,EGR1,3.1749619819317586e-05
CDC20,SPP1,1.54086628467647e-19
CDC25C,CD74,-2.6266258329539535e-05
CDC25C,COL11A1,0.00015672614967190702
CDC25C,SPP1,0.00010399456322282993
CDC25C,VCAN,1.8492703260018056e-05
CDH11,CD74,-0.0016574159729399842
CDH11,COL6A3,0.0011188918476160293
CDH2,COL6A3,-0.00027234544412157964
CDH2,EGR1,-0.0003824105533266617
CDH2,SPP1,-0.0002545387597388093
CDH2,THBS1,-0.0003166597490262411
CDH5,EGR1,2.011623450644166e-05
CDK6,COL6A3,-7.785749557671178e-06
CDK6,FGFR1,-0.00014138684455976974
CDK6,LTBP1,-0.00022766248294829516
CDK6,THBS1,-5.7648307908473655e-05
CDK6,VCAN,-0.00019401856406178105
CDKN1A,CD74,-0.0003500594672019114
CDKN1A,EGR1,0.0012478410057099136
CDKN1A,THBS1,0.0005481369807342632
CDKN1A,VCAN,-4.4136389076665145e-05
CDKN1C,EGR1,6.600294808274046e-20
CDKN2A,SPP1,0.0008869322524308282
CEACAM3,THBS1,6.134182846306189e-06
CEBPB,THBS1,4.705695436780387e-19
CEP55,A2M,-0.0006496888248102773
CEP55,ALDOA,-0.003623247838235438
CEP55,APOE,-0.0019284385621889187
CEP55,ATM,0.003647082384007528
CEP55,B2M,-0.0004640135238596323
CEP55,C7,-0.0008976734609096442
CEP55,CD74,0.0013979132750743407
CEP55,CENPF,0.0022633306856429673
CEP55,COL5A1,0.0010955838694833803
CEP55,COL6A3,0.0010100304290291458
CEP55,CRABP2,-0.0035506452857836618
CEP55,CTNNB1,-0.0006685948031518751
CEP55,EGR1,0.000368520984169534
CEP55,ESR1,0.0008598017456806143
CEP55,HLA-B,-0.0023109474004107964
CEP55,HLA-DPA1,-4.476556646304228e-05
CEP55,IGF2R,-0.004708134089124301
CEP55,ITGAV,0.004286734592334696
CEP55,LDHA,0.001352975359175519
CEP55,LTBP1,0.001158297487813298
CEP55,MKI67,0.0008776439988182138
CEP55,MMP7,-0.003987760016257754
CEP55,MYC,-0.002207185900394754
CEP55,NF1,2.7436964869668022e-05
CEP55,NOTCH1,0.0010576560711615239
CEP55,NOTCH2,-0.0023503074991294355
CEP55,PIK3R1,0.0004261456270267895
CEP55,PKM,-0.0028375725533558048
CEP55,POLR2A,0.002397804156413973
CEP55,RPL23,0.00024731168909828685
CEP55,SPP1,4.4924394928046814e-05
CEP55,TFRC,0.0027178181817674608
CEP55,THBS1,-0.000751714666546708
CEP55,VCAN,-0.0004851367688724746
CES3,CD74,7.037433367176593e-05
CES3,EGR1,-3.1727431357723496e-05
CLEC14A,A2M,0.0012091760301278065
CLEC14A,C7,-0.00016649217567680401
CLEC14A,CD74,-0.0004286691887263214
CLEC14A,COL11A1,-0.0004332211626194852
CLEC14A,COL5A1,-0.0001725874126110548
CLEC14A,CTNNB1,0.00011950881872240691
CLEC14A,EGR1,9.343468372058267e-05
CLEC14A,FGFR1,-0.0006179951852723734
CLEC14A,MMP7,7.012387632942197e-05
CLEC14A,SPP1,-5.778381179856186e-05
CLEC14A,STAT1,0.0012266973292934284
CLEC14A,THBS1,0.00016667754205389786
CLEC5A,THBS1,2.9410596479877416e-20
CLEC7A,CD74,-0.00015198486369471113
CLEC7A,EGR1,0.0002491246696983711
CLEC7A,THBS1,0.00018289673130858822
CMKLR1,A2M,0.00010073368382074356
CMKLR1,B2M,0.0019462074040042974
CMKLR1,CD74,-0.000715776310921387
CMKLR1,COL5A1,-0.0006515082843260141
CMKLR1,EGR1,0.0003000738272091679
CMKLR1,FGFR1,-0.0002050937722431386
CMKLR1,PKM,0.00037546206635061664
CMKLR1,THBS1,0.00023928883118702984
CNTFR,A2M,0.00028769500672290243
CNTFR,B2M,0.00021243973496433218
CNTFR,C7,-7.387540208857583e-06
CNTFR,CD74,-0.00010689132706682994
CNTFR,COL6A3,-0.00011716813838750577
CNTFR,EGR1,-5.6942459097771155e-06
CNTFR,FGFR1,-0.00015010433436400133
CNTFR,MMP7,0.0010679166513684981
CNTFR,STAT1,0.0004305678830558681
COL11A2,B2M,7.777397816224199e-05
COL11A2,C7,4.6072208514349866e-07
COL11A2,COL6A3,-1.263597382456592e-05
COL11A2,EGR1,-6.940558318321956e-06
COL11A2,MYC,9.897090541504003e-05
COL11A2,RPL7A,0.00015447175337643455
COL11A2,THBS1,-7.668205768022072e-06
COL11A2,VCAN,-1.963384727969031e-05
COL17A1,CD74,-2.9460360883003737e-05
COL17A1,EGR1,-5.0709024039040615e-06
COL17A1,LTBP1,5.5251665705692214e-05
COL17A1,MKI67,-6.322162770279435e-05
COL17A1,THBS1,3.091257171104198e-05
COL17A1,VCAN,0.00010580262309262264
COL5A1,CD74,-0.0010477166241476192
COL5A1,THBS1,0.0019386216124118467
COL6A3,A2M,0.023890521146488444
COL6A3,CD74,-0.009640616087415822
COL6A3,COL5A1,-0.006262626206531306
COL6A3,ENO1,0.030080365991454628
COL6A3,FGFR1,-0.01959344617111461
COL6A3,MKI67,-0.0019348991006323051
COL6A3,SPP1,-0.010612556150068874
COL6A3,STAT1,0.009272733051137976
COL6A3,THBS1,0.014443182272320111
CPA3,A2M,0.0008036506231048297
CPA3,CD74,-0.0003747237731642282
CPA3,COL11A1,-0.0007251131635610163
CPA3,EGR1,9.623687527407874e-05
CPA3,FGFR1,-0.0007753927317386097
CPA3,RPL23,-0.0010450670944664423
CPA3,SPP1,-0.0003019715183049091
CPA3,THBS1,0.0005058013211887738
CRABP2,A2M,-0.0051144311505200895
CRABP2,ALDOA,-0.00020669635687790258
CRABP2,C7,-0.0010196096847939614
CRABP2,EGR1,-0.002338106797972889
CRABP2,LTBP1,0.0008398864331782144
CRABP2,MKI67,0.009946886560413707
CRABP2,PKM,-0.016379815367357053
CRABP2,SPP1,-0.004351674156125838
CRABP2,THBS1,-0.0011409537173158802
CRABP2,VCAN,0.00681236841611954
CSF1,CD74,-0.00030654867298592016
CSF1,EGR1,0.0002901559144949184
CSF1,SPP1,0.000840812847728178
CSF1,THBS1,0.00014076249760708288
CSF1R,C7,0.0016967491927471847
CSF1R,CD74,-0.0013524419601230622
CSF1R,EGR1,0.0002261592857838801
CSF1R,THBS1,0.001822503929581131
CSF2,CD74,1.2719038654802794e-20
CSF2RB,THBS1,6.390597452065084e-05
CSF3R,CD74,-0.00012578309321598173
CTLA4,C7,5.039673845423037e-06
CTLA4,CD74,-3.902933756845343e-05
CTLA4,COL5A1,-0.0001517482266395303
CTLA4,EGR1,3.7792004131171293e-06
CTLA4,SPP1,-3.847122063431649e-05
CTLA4,THBS1,0.00022067871250343058
CTNNB1,APOE,0.000491044418693453
CTNNB1,ARID1A,0.011346977368588224
CTNNB1,ATM,-0.001923228519840977
CTNNB1,B2M,0.0066122697672553864
CTNNB1,C7,0.003594259483959748
CTNNB1,CD47,0.03699728687082484
CTNNB1,CD74,-0.009166918298662586
CTNNB1,CDH2,-0.0400808877202022
CTNNB1,COL11A1,0.0022083907158120773
CTNNB1,COL6A3,-0.004923154002160217
CTNNB1,EGR1,-0.006072982314735019
CTNNB1,ENO1,0.006595107316614516
CTNNB1,ERBB2,0.001037697759380555
CTNNB1,ESR1,-0.008955999295197435
CTNNB1,FGFR1,-0.005322390457541374
CTNNB1,HIF1A,-0.027336787529452632
CTNNB1,HLA-B,0.00958414763648445
CTNNB1,HLA-DPA1,0.004238631807425625
CTNNB1,IGF2R,0.01477309863191502
CTNNB1,ITGA6,0.0011785237794376437
CTNNB1,ITGAV,-0.006143628095974409
CTNNB1,LTBP1,0.002228310644709933
CTNNB1,MMP1,-0.004300071548762979
CTNNB1,MYC,0.015339151657196869
CTNNB1,NF1,0.0013172485783910018
CTNNB1,NOTCH1,-0.004010582883946552
CTNNB1,NOTCH2,0.032535038526780136
CTNNB1,RPL7A,-0.001560594987942354
CTNNB1,TFRC,-0.0066337270590966875
CTNNB1,THBS1,0.006285654536802419
CTNNB1,TPI1,0.007784311268635657
CTNNB1,UBB,0.001151926433623614
CTSS,CD74,-0.001695405223701322
CTSS,EGR1,0.0046469863729776215
CTSW,CD74,-5.844037854693162e-05
CTSW,COL6A3,-1.3901891024452622e-05
CTSW,EGR1,0.00010844069706369614
CX3CL1,A2M,0.0011764290838426976
CX3CL1,B2M,0.0005519753219357708
CX3CL1,C7,-0.00011021423009272883
CX3CL1,CDH11,-5.380180834253458e-05
CX3CL1,CENPF,0.0008752761760389207
CX3CL1,COL11A1,-0.00018338691297414857
CX3CL1,COL5A1,-0.001316310662548987
CX3CL1,COL6A3,3.4077643520349156e-05
CX3CL1,EGR1,0.0002743661715095436
CX3CL1,ESR1,0.0003594223152261532
CX3CL1,FGFR1,-0.0003215015987810423
CX3CL1,HIF1A,0.0008017732283225653
CX3CL1,HLA-B,-0.003135329245347231
CX3CL1,LTBP1,-0.00031657640856429237
CX3CL1,MKI67,0.0003993244986462548
CX3CL1,MX1,0.0029645632164002644
CX3CL1,NF1,-0.0037817477148145958
CX3CL1,NOTCH1,0.00021055792430010417
CX3CL1,PKM,0.001472902601163463
CX3CL1,POLR2A,0.0010057266270978038
CX3CL1,RPL23,-0.0013564773503831526
CX3CL1,RPL7A,0.00046284819605331786
CX3CL1,SPP1,-0.001071170069947567
CX3CL1,THBS1,0.0003403890543343866
CX3CL1,VCAN,0.00047159460139107836
CX3CR1,EGR1,7.673050990807573e-05
CXCL1,A2M,-0.0010962843106976483
CXCL1,CD74,0.0004412892398272863
CXCL1,ESR1,0.0011472009941205575
CXCL1,PKM,0.011254194866792347
CXCL1,SPP1,-0.0013548179454327
CXCL1,THBS1,0.0015720626129671078
CXCL1,VCAN,-0.001716812523279534
CXCL10,A2M,-0.0021165124196399153
CXCL10,APOE,-0.0016419920243286085
CXCL10,C7,0.0006745148766061624
CXCL10,CD74,0.001672708860550386
CXCL10,COL5A1,-0.009811497372968879
CXCL10,EGR1,-0.0008223135369154255
CXCL10,FGFR1,0.00413252366330467
CXCL10,ITGAV,0.012237840317296165
CXCL10,LTBP1,0.011023677134257389
CXCL10,MKI67,0.01849508356876715
CXCL10,MMP7,-0.0008747390316845991
CXCL10,POLR2A,-0.004781030270357808
CXCL10,RPL7A,0.003364943205080127
CXCL10,S100A9,-0.012976146623603559
CXCL10,SPP1,0.003366343492616397
CXCL10,STAT1,-0.015960675759814028
CXCL10,THBS1,0.005097290834004117
CXCL10,VCAN,0.006427360012071279
CXCL11,MKI67,0.00174710128827417
CXCL11,THBS1,0.0005260747936821559
CXCL11,VCAN,0.00022920778261288432
CXCL12,A2M,0.0022005904778298548
CXCL12,B2M,0.0029812954172983397
CXCL12,CD74,-0.0017262820245934538
CXCL12,COL11A1,-0.0020213695643360773
CXCL12,EGR1,3.892056420563076e-05
CXCL12,FGFR1,-0.0011573941478614297
CXCL12,SPP1,-0.0005083224288598093
CXCL12,THBS1,0.00073972962436148
CXCL13,APOE,-0.0008649673521545702
CXCL13,B2M,0.0020814404042229055
CXCL13,C7,-0.0007072054554161917
CXCL13,CD74,-0.000244442933272073
CXCL13,CDH1,-0.0026923753631632017
CXCL13,CDH11,-0.0030531711351874115
CXCL13,COL11A1,-0.0016366111899867274
CXCL13,COL5A1,-0.0003385421263731811
CXCL13,EGR1,4.444575742483355e-05
CXCL13,ERBB2,-0.0032682595124156103
CXCL13,FGFR1,0.0014243666197412085
CXCL13,HLA-B,-7.896138225651116e-05
CXCL13,IGF2R,-0.0003718144941796012
CXCL13,ITGA6,-0.0002124756511265481
CXCL13,ITGB8,-0.0007038731970399319
CXCL13,LTBP1,-0.00016332083922865795
CXCL13,MKI67,0.00363438929469457
CXCL13,MMP1,-0.002869451695126462
CXCL13,MMP7,-0.0009164638938987547
CXCL13,MYC,-0.0019156892671638595
CXCL13,NF1,-0.00241646284666546
CXCL13,PKM,0.00036654984098017713
CXCL13,RPL7A,0.0022834420360984004
CXCL13,S100A9,-0.0005413402039783933
CXCL13,SDHA,0.0028982863902343404
CXCL13,SPP1,-0.0007003599349651952
CXCL13,THBS1,0.0017415186256669862
CXCL13,UBB,-0.0012013247411724818
CXCL14,B2M,0.004235334539715285
CXCL14,THBS1,0.0019637192733937612
CXCL16,CD74,-4.64640571210268e-05
CXCL16,FGFR1,2.6169309731317552e-05
CXCL16,PKM,0.00565154790633814
CXCL16,SPP1,-0.0004440213187710957
CXCL16,THBS1,0.000227326877543953
CXCL16,VCAN,-0.000316861368032252
CXCL2,CD74,0.0001723657694903247
CXCL2,COL11A1,-0.002976876599021849
CXCL2,COL5A1,-0.00018379553278280683
CXCL2,COL6A3,-0.0002950741607484016
CXCL2,EGR1,0.00034497931859012404
CXCL2,HLA-C,-0.006430290465229018
CXCL2,MYC,0.0013415462078397616
CXCL2,PKM,0.013941236429737524
CXCL2,SPP1,-0.0023866257171653747
CXCL2,THBS1,0.004039465559230616
CXCL2,VCAN,-0.0007162142011722622
CXCL3,THBS1,0.00014473382965555563
CXCL6,A2M,-0.00030552261724972363
CXCL6,CD74,6.118998054139964e-05
CXCL6,COL6A3,-2.6616248101874383e-05
CXCL6,EGR1,0.00010139104314899449
CXCL6,LTBP1,-3.1801917852949333e-06
CXCL6,PKM,0.0009677667645233584
CXCL6,THBS1,-2.7356114514629144e-05
CXCL6,VCAN,-6.506684809609067e-05
CXCL8,COL11A1,-0.0010540960851538543
CXCL8,COL6A3,-0.0003115253756094786
CXCL8,EGR1,0.00044879461193425644
CXCL8,HLA-C,-0.0032067876142027768
CXCL8,MYC,0.0010091650360427825
CXCL8,PKM,0.009272489919854592
CXCL8,SPP1,-0.0016043388027143527
CXCL8,THBS1,0.002031030631687443
CXCR3,CD74,-2.7316302836577305e-05
CXCR3,EGR1,6.042357306936059e-05
CXCR3,THBS1,3.7852837014857004e-05
CXCR6,CD74,-7.336168573346753e-05
CXCR6,COL6A3,-3.273279527317731e-05
CXCR6,EGR1,4.551578473891721e-05
CXCR6,SPP1,-5.2779665566297494e-05
CYBB,CD74,-0.0006799539913607621
CYBB,EGR1,0.0013148287613757583
CYBB,THBS1,0.00014097588362091504
DAB2,CD74,-0.0001770832667323718
DAB2,EGR1,0.0009299576647564697
DDB2,COL6A3,4.149266073789467e-20
DEPTOR,A2M,0.002752114177893477
DEPTOR,B2M,0.0007275555806583451
DEPTOR,C7,0.001484951813517864
DEPTOR,CD74,-0.00010482276483705661
DEPTOR,COL5A1,-0.0006294197318977661
DEPTOR,COL6A3,0.0002057275239797314
DEPTOR,EGR1,8.42265898025593e-05
DEPTOR,ENO1,0.030562871894256886
DEPTOR,ESR1,-0.0007994041689514125
DEPTOR,FGFR1,-0.0019235636322940993
DEPTOR,IGF2R,0.015818717473974193
DEPTOR,ITGAV,0.001335992923990788
DEPTOR,LDHA,0.034536747262877664
DEPTOR,MKI67,-0.003713737015630275
DEPTOR,PKM,-0.006197553654102628
DEPTOR,PLOD2,0.020560390771120794
DEPTOR,RPL7A,-0.0002271017863327419
DEPTOR,SPP1,-0.00760667289883776
DLL1,B2M,0.00036123010503713137
DLL1,C7,5.973739074286424e-05
DLL1,CD74,-0.00018964996336450697
DLL1,COL5A1,-0.0001185788210309192
DLL1,CTNNB1,9.140633077395596e-06
DLL1,EGR1,7.099673039242277e-05
DLL1,FGFR1,-7.578544883230599e-05
DLL1,SPP1,-7.892473443529184e-05
DLL1,THBS1,8.197494432851855e-06
DLL4,B2M,0.001162066046824993
DLL4,C7,-0.00015238513430435404
DLL4,CD74,-0.0002953945310168151
DLL4,COL6A3,2.165363141745346e-05
DLL4,EGR1,1.8933706360504555e-05
DLL4,FGFR1,9.383113118419894e-05
DLL4,LTBP1,9.094409881012205e-05
DLL4,SPP1,-5.392426624018735e-05
DLL4,THBS1,3.44125125484685e-05
DLL4,VCAN,-0.0001430540236517647
DNMT1,EGR1,-6.99986114701408e-05
DPP4,A2M,0.0008750168786387719
DPP4,ALDOA,0.0007912576856159284
DPP4,CD74,-6.29049079136455e-05
DPP4,COL6A3,-1.7084579008377368e-05
DPP4,ENO1,7.50713432066394e-05
DPP4,FGFR1,-0.0008909253059116126
DPP4,LTBP1,2.9187570856097287e-05
DPP4,S100A9,0.0025781246896631146
DPP4,SPP1,-3.337206907440854e-05
DPP4,THBS1,0.0005158620164266439
DPP4,VCAN,-7.111132178505206e-05
DTX3L,VCAN,1.6326373467323638e-19
DUSP1,EGR1,0.011756091942412688
DUSP2,CD74,-9.28736156661494e-05
DUSP2,EGR1,0.00015545526761906277
DUSP2,SPP1,-0.0001350491825018487
DUSP2,THBS1,0.000211852563582925
DUSP2,VCAN,-0.00017837486153979314
DUSP5,THBS1,0.0006096226350021979
E2F3,A2M,-0.00037563627788967426
E2F3,ALDOA,-0.001252039977753881
E2F3,APOE,0.0014276638217303706
E2F3,B2M,-0.002030403083570005
E2F3,C7,-4.990712432943008e-05
E2F3,CD163,0.0003686903095180159
E2F3,CD74,-0.00013230141688082576
E2F3,CENPF,0.00029526984997881164
E2F3,COL6A3,-0.00031926755579534896
E2F3,EGR1,-0.0001433476111318908
E2F3,ENO1,0.00017292988393618523
E2F3,FGFR1,0.00039602541213690624
E2F3,HLA-B,0.004475478158002789
E2F3,LDHA,0.0004164994576604414
E2F3,LTBP1,6.752291392494857e-05
E2F3,MKI67,0.0008376711492054587
E2F3,MMP7,-0.0001401016358558992
E2F3,NF1,0.001926085389111993
E2F3,S100A9,-0.00030541623705368645
E2F3,SPP1,0.00017078410209730096
E2F3,STAT1,-0.0002117006667996057
E2F3,TFRC,0.0010836270088741748
E2F3,VCAN,0.0004336322294984777
EGF,COL6A3,1.2966456480592084e-21
EGFR,A2M,0.00010660577618021438
EGFR,EGR1,0.00012049108118556102
EGFR,FGFR1,-0.0008063828842353817
EGFR,SPP1,0.0003343480957337107
EGFR,THBS1,9.428892255236832e-05
EGR1,CD74,-0.003562483514447037
EGR1,EGR1,0.01592873897369902
EIF2B4,COL6A3,1.759971227571785e-05
EIF4EBP1,APOE,-0.0030723828641686483
EIF4EBP1,EGR1,0.0002524061189343684
EIF4EBP1,ERBB2,-0.00011299862594223632
EIF4EBP1,FGFR1,-0.00038886404049980717
EIF4EBP1,IGF2R,-0.005265551985868803
EIF4EBP1,ITGB8,0.00287697337370369
EIF4EBP1,LTBP1,9.424766301853198e-05
EIF4EBP1,MYC,-0.0011081490128927649
EIF4EBP1,NOTCH2,-0.00467785235441127
EIF4EBP1,PKM,-0.0018493800049362284
EIF4EBP1,SLC2A1,-0.000765691892089544
EIF4EBP1,SPP1,0.0027207558941928
EIF4EBP1,THBS1,0.000302004588805003
EIF4EBP1,VCAN,0.0017749418937462503
EIF5AL1,EGR1,-1.270349417321404e-06
EIF5AL1,FGFR1,-1.2058005575937224e-05
ELOB,COL6A3,-9.411586146287121e-05
ELOB,LTBP1,0.00018610068294212987
ELOB,MKI67,0.0007079629253545753
ELOB,PKM,-0.0003130046975245746
ELOB,SPP1,-0.00012644464679759538
ELOB,VCAN,0.0002326160099310429
ENTPD1,A2M,0.00030009403490397505
ENTPD1,C7,-0.00031922377917020176
ENTPD1,CD74,-0.0002672369289506359
ENTPD1,COL11A1,-0.0004279246313785039
ENTPD1,COL5A1,-0.0016153273798281192
ENTPD1,COL6A3,8.630419286014983e-05
ENTPD1,CTNNB1,0.00011890281123718652
ENTPD1,EGR1,0.0004132867355255852
ENTPD1,ESR1,-0.00024027175826223527
ENTPD1,FGFR1,-0.0006473837272749199
ENTPD1,LTBP1,0.000629010939879475
ENTPD1,MKI67,0.00011531934584910959
ENTPD1,PKM,0.0014143416577487797
ENTPD1,RPL23,-0.0015778916594288558
ENTPD1,RPL7A,-0.00022023541019242982
ENTPD1,SPP1,-0.0005973974057289955
ENTPD1,TFRC,-0.00039916362548065833
ENTPD1,THBS1,0.0008077529670909533
ENTPD1,VCAN,0.0005307447286664725
EPCAM,CD74,0.001163912056425492
EPCAM,EGR1,-0.0005978178742280982
EPCAM,THBS1,-0.001251828354081452
EPM2AIP1,EGR1,-3.300147404137023e-20
ERO1A,COL6A3,3.3194128590315736e-19
EXO1,SPP1,7.70433142338235e-20
FADD,ALDOA,-0.00018087688770905907
FADD,CD74,1.8162749320375696e-05
FADD,COL11A1,0.0006260406945053648
FADD,PKM,0.002228158210363987
FAM124B,C7,9.522060524332373e-06
FAM124B,CD74,-5.396767022986475e-07
FAM124B,COL5A1,-8.1694686288614e-05
FAM124B,EGR1,1.2872105332337812e-05
FAM124B,THBS1,0.00013785659366086233
FAP,CD74,-0.00015181664645440253
FAP,THBS1,0.0007411658336645136
FAS,THBS1,0.00011362639302232637
FBP1,EGR1,1.3200589616548092e-19
FCAR,THBS1,4.615816916995682e-05
FCGR1A,EGR1,9.717532084767008e-05
FCGR2A,CD74,-0.00034062131441446396
FCGR2A,EGR1,0.00042219301522735336
FCGR2A,THBS1,0.0006009339164794
FCGR2B,CD74,-0.0004643125826301408
FCGR2B,COL6A3,-8.25761954948698e-05
FCGR2B,EGR1,0.0004523762279996854
FCGR2B,THBS1,0.00030340146467108846
FCGRT,CD74,-0.0007895391922298225
FCGRT,COL11A1,-0.00031298371091847076
FCGRT,COL5A1,-0.0004796133586216664
FCGRT,EGR1,0.0014795038864008675
FCGRT,FGFR1,-0.0014420572349032317
FCGRT,THBS1,0.0006677080596169438
FCRL2,CD74,-8.03691220857213e-06
FCRL2,COL5A1,-5.624841276940806e-06
FCRL2,THBS1,0.00012421679567491288
FGF13,EGR1,1.6603527770618007e-05
FGF9,CD74,-6.359519327401397e-21
FGFR1,CD74,-0.00015694388458662128
FGFR1,COL6A3,-2.462505702668329e-05
FGFR1,FGFR1,-0.0035628317439242163
FGFR1,SPP1,-0.00036841365901783737
FLNB,CD74,-0.0006288275438837922
FLNB,EGR1,-0.0001618052761628248
FOSL1,EGR1,0.00021055176521565984
FOSL1,THBS1,0.0005007884143331433
FOXP3,EGR1,-1.8833617280016274e-05
FOXP3,THBS1,8.487414907770698e-05
FPR1,THBS1,0.00018836500135994464
FPR3,CD74,-6.375856302713768e-05
FPR3,EGR1,0.00019734571865284906
FPR3,THBS1,0.0006413362727365067
FSTL3,CD74,-0.0002474602012875236
FSTL3,EGR1,-3.629420685474254e-05
FSTL3,MYC,-0.0001145113038212087
FSTL3,PKM,0.0006818955734544124
FSTL3,RPL23,-0.0001873478731848464
FSTL3,SPP1,-0.0002672256647823336
FSTL3,THBS1,0.00043336910296255576
FYN,A2M,0.0010853339129351092
FYN,B2M,0.002606510317376835
FYN,CD74,-0.0010009517718830717
FYN,COL11A1,-0.0018598530322835297
FYN,COL6A3,-0.00025753598214641387
FYN,EGR1,8.377333334165408e-05
FYN,FGFR1,-0.00024140252059852595
FYN,LTBP1,0.0006192611777142894
FYN,MKI67,0.001432812927031566
FYN,RPL23,-0.0003836597171680817
FYN,SPP1,-0.0009628211842190352
FYN,THBS1,0.0004832074757753922
FZD8,LTBP1,1.9365013468498502e-19
FZD9,COL5A1,3.305188689217132e-05
FZD9,COL6A3,4.495201756689436e-06
FZD9,LTBP1,4.098686317271128e-06
FZD9,MYC,-1.2686292882410956e-05
GAS1,CD74,-0.0004956289974770562
GAS1,EGR1,0.0005803964310750918
GAS1,THBS1,0.000350401249145475
GBP2,CD74,-0.00043481262920864886
GBP2,THBS1,0.000578231416446951
GIMAP4,A2M,0.0007490188593756603
GIMAP4,B2M,0.0022547982530114483
GIMAP4,CD74,-0.0010468357766210657
GIMAP4,COL5A1,-0.0014643439331559521
GIMAP4,EGR1,0.00028154636225396763
GIMAP4,MKI67,0.0003933646000514002
GIMAP4,THBS1,0.0008205344343126833
GIMAP4,VCAN,0.00041310661549668465
GIMAP6,A2M,0.0004513281250387734
GIMAP6,B2M,0.0009095122794927337
GIMAP6,CD74,-0.00043775433349984135
GIMAP6,COL5A1,-0.00019699613761198527
GIMAP6,CTNNB1,0.0008387310237185755
GIMAP6,FGFR1,-7.69131184189434e-05
GIMAP6,STAT1,3.292983856305296e-05
GIMAP6,THBS1,0.0001803201489514805
GIMAP6,VCAN,5.51418171699208e-05
GLI1,C7,0.00012062498730199485
GLS,EGR1,3.300147404137023e-20
GNLY,THBS1,5.882119295975483e-20
GOT1,CD74,0.0002905083141987139
GOT1,EGR1,-0.0001377121540578977
GOT1,FGFR1,0.00010046302313551384
GOT1,MKI67,-0.00014503950829470187
GOT1,THBS1,-0.0001293137974828019
GOT1,VCAN,0.00019161386202836377
GOT2,B2M,-5.410614985370925e-05
GOT2,C7,0.0001463633800624571
GOT2,CD74,0.00019577858036476956
GOT2,COL5A1,0.0005224474449863159
GOT2,COL6A3,6.440623850625876e-05
GOT2,FGFR1,0.0008606770982769783
GOT2,MKI67,0.00037317383168355116
GOT2,MYC,-0.0004490956224368367
GOT2,SPP1,-0.0002623554234823838
GOT2,THBS1,-0.0003040954123317101
GOT2,VCAN,0.0002415209642360679
GPC4,ALDOA,-1.5530323459724316e-05
GPC4,C7,0.00014814864083336702
GPC4,CD47,0.006847406338653489
GPC4,CD74,-0.00024011923369664503
GPC4,CENPF,0.0005064113469806933
GPC4,COL11A1,0.0001012443983262664
GPC4,COL6A3,-0.0003714152481424535
GPC4,CTNNB1,0.0018114439429222275
GPC4,ESR1,-0.0014826344202023927
GPC4,FGFR1,-0.0010916427586090674
GPC4,FLNB,-0.00036437278820610896
GPC4,HLA-C,0.00114745767746418
GPC4,IGF2R,-0.00306518545979086
GPC4,ITGAV,-0.0007832632165805333
GPC4,MKI67,0.0003914919179105406
GPC4,MX1,0.0005061660105542308
GPC4,MYC,0.0012210961055248318
GPC4,NF1,0.0011260360507630912
GPC4,NOTCH2,0.0017309124688702233
GPC4,POLR2A,-0.0022545863672412633
GPC4,RPL7A,8.545919891627346e-05
GPC4,THBS1,0.00018144292436243602
GPC4,UBB,0.0010811357679454984
GPC4,VCAN,0.00029069228748000454
GPSM3,CD74,-3.2686094317298477e-05
GPSM3,THBS1,0.0003373437909305469
GZMA,EGR1,0.00011108311662914983
GZMH,EGR1,1.6500737020685115e-20
GZMK,EGR1,6.39361278852958e-05
HAVCR2,EGR1,0.0002020861389010946
HAVCR2,THBS1,6.704711531667709e-05
HCK,CD74,-0.00020872313473932808
HCK,EGR1,0.00041066738426566907
HCK,THBS1,0.00013002246045207212
HDAC4,EGR1,-1.6500737020685115e-20
HDAC5,B2M,0.00018075499629707531
HDAC5,COL5A1,-0.0002707742928750995
HDAC5,FGFR1,-0.00016635408943376404
HDAC5,LTBP1,-0.00021726317832962904
HDAC5,MYC,0.0004206697588086587
HDAC5,VCAN,-0.00014429579133589667
HDC,CD74,-3.548125883718604e-06
HDC,EGR1,3.4226924776026976e-05
HDC,THBS1,9.726071368868217e-06
HERC6,CD74,6.673383120681537e-05
HERC6,FGFR1,0.0006110349921997685
HERC6,LTBP1,0.0004664235634232796
HERC6,MKI67,0.0006323694097749178
HERC6,PKM,0.0017901274392610024
HIF1A,THBS1,0.000634100194443297
HK2,CD74,7.554984376281242e-05
HK2,EGR1,-4.4485544114153e-05
HK2,VCAN,0.00017547515120929484
HLA-B,C7,-0.02694937105110988
HLA-B,COL6A3,-0.0044742377075883575
HLA-B,EGR1,0.03240186286710033
HLA-B,FGFR1,0.07158178609764451
HLA-B,LTBP1,-0.006180445714446411
HLA-B,PKM,0.12177107148019753
HLA-B,SPP1,0.08152510811879914
HLA-C,A2M,0.0004244249904129171
HLA-C,APOE,-0.01088262382227008
HLA-C,C7,-0.013895370720654434
HLA-C,CD163,0.062461170015176794
HLA-C,CD74,-0.006114985248039612
HLA-C,COL5A1,-0.04587937955502495
HLA-C,COL6A3,0.0033968726020936527
HLA-C,CTNNB1,0.016060241616979443
HLA-C,EGR1,0.006178225498864141
HLA-C,ENO1,-0.02707203090551438
HLA-C,FGFR1,0.024121652402510744
HLA-C,HLA-B,-0.03874654847667284
HLA-C,HLA-DRA,0.03435310219772604
HLA-C,HLA-DRB1,0.005835339472743524
HLA-C,ITGAV,0.01562963421403994
HLA-C,LTBP1,-0.0011636886696688403
HLA-C,MKI67,0.0250446302040794
HLA-C,MMP7,-0.0019529777831078273
HLA-C,MX1,-0.0005505952876072906
HLA-C,NF1,-0.013263398623142858
HLA-C,NOTCH1,0.016732241971335444
HLA-C,PKM,0.013081839592980656
HLA-C,RPL7A,0.06714352653642183
HLA-C,SFRP4,-0.009902414057595415
HLA-C,SLC2A1,0.039872351469725134
HLA-C,SPP1,0.002399727038207971
HLA-C,THBS1,0.003246168941580101
HLA-C,TNFAIP3,0.003033774554559668
HLA-C,UBB,0.005044947394079593
HLA-C,VCAN,0.02466536618613154
HLA-DMA,EGR1,0.0006331184115128951
HLA-DOB,CD74,-4.03268418447792e-05
HLA-DOB,EGR1,6.594349859925269e-07
HLA-DPA1,EGR1,0.002375081554906144
HLA-DPA1,THBS1,0.0017899803721879391
HLA-DPB1,CD74,-0.001103895047043369
HLA-DPB1,EGR1,0.002805011313545109
HLA-DPB1,THBS1,0.0019755242366877217
HLA-DQA1,A2M,-0.0033987268852010482
HLA-DQA1,CD74,-0.0009873102039546677
HLA-DQA1,COL6A3,0.0006360044425357694
HLA-DQA1,PKM,0.020984793102902893
HLA-DQA1,SPP1,-0.002431017351652257
HLA-DQA1,THBS1,-0.0007123364994195558
HLA-DQA2,THBS1,2.9410596479877416e-20
HLA-DRA,COL6A3,-0.00018590773902647895
HLA-DRA,EGR1,0.010774215524216577
HLA-DRB1,VCAN,-0.0004271697494072793
HLA-DRB5,VCAN,-0.0011609863970382466
HLA-E,C7,-0.005807023059402747
HLA-E,CD74,-0.0024265129653186137
HLA-E,COL5A1,-0.0053037509373723415
HLA-E,EGR1,0.00796089052042676
HLA-E,MKI67,0.0010601677350739792
HLA-E,PKM,0.0007167946096847729
HLA-E,SPP1,0.0038733854673741754
HLA-E,THBS1,0.0011501976123518992
HLA-E,VCAN,0.0018125346694235552
HLA-F,ALDOA,-0.00037358808941589266
HLA-F,C7,-0.00028460625810470923
HLA-F,CD74,-6.169197741801555e-05
HLA-F,COL5A1,-0.0042819206080362176
HLA-F,EGR1,0.000575373348003891
HLA-F,FGFR1,0.0022024517641323267
HLA-F,LTBP1,0.0016490653103438668
HLA-F,MKI67,0.005993346722802707
HLA-F,PKM,0.005139349607623654
HLA-F,SPP1,0.0006230369741441447
HLA-F,THBS1,0.0010966161988702962
HLA-F,VCAN,0.0017157338696025962
HMGA1,A2M,-0.003948413697875223
HMGA1,ALDOA,-0.021683730912599664
HMGA1,APOE,0.0054086316506512895
HMGA1,B2M,-0.019238187433343774
HMGA1,BCAT1,0.00016749583812003462
HMGA1,C7,-0.0009627053177051386
HMGA1,CD74,0.00025120530322376137
HMGA1,CDH2,-0.013607752225410812
HMGA1,COL5A1,0.0019647176797439212
HMGA1,COL6A3,0.0033996561037165575
HMGA1,CTNNB1,-0.01424206025149908
HMGA1,DUSP1,-0.002117918316868963
HMGA1,EGR1,-0.0013144402656505268
HMGA1,ESR1,0.002636721326081627
HMGA1,FGFR1,-0.0023064887017745415
HMGA1,HLA-B,0.035653060486949446
HMGA1,LDHA,0.008613970781427472
HMGA1,LTBP1,-0.0015630129030878598
HMGA1,MMP1,-0.00855231823896876
HMGA1,MMP7,0.0022633688084783697
HMGA1,MX1,-0.014578192205523624
HMGA1,MYC,0.0008915478024267831
HMGA1,NOTCH1,0.010260965627897549
HMGA1,POLR2A,0.024133287805487635
HMGA1,RPL23,0.002409594534337736
HMGA1,RPL7A,-0.005349374650317685
HMGA1,S100A9,-0.012499814694237806
HMGA1,SPP1,0.0055929545640790845
HMGA1,STAT1,-0.0001557247781327502
HMGA1,TFRC,0.015682601873740133
HMGA1,THBS1,-0.0024333708912628476
HMGA1,TNFAIP3,-0.00419841778927715
HMGA1,TPM1,-0.008479702741072032
HMGA1,UBB,0.0027413060170003245
HMGA1,VCAN,-0.0005550911437249678
HSD11B1,CD74,-0.00011114484568933274
ICAM1,APOE,-0.0037620205769788727
ICAM1,ATM,-0.000659891745779643
ICAM1,B2M,0.0012337113678778915
ICAM1,BCAT1,-0.0011808016586111918
ICAM1,C7,-0.0007586690309397791
ICAM1,CD163,0.0019704060128466496
ICAM1,CD74,-0.0019758685169210086
ICAM1,CDH11,-0.0025587597832117427
ICAM1,COL11A1,-0.005763034843812446
ICAM1,COL6A3,-0.00270810615537607
ICAM1,CRABP2,0.019091183730521363
ICAM1,CTNNB1,0.00352907101898077
ICAM1,EGR1,-0.0018263177835828267
ICAM1,ENO1,0.004379689244480899
ICAM1,FGFR1,-0.0005978254029759027
ICAM1,GLUL,0.016847886787746968
ICAM1,HLA-B,-0.003724384855251282
ICAM1,HLA-C,-0.006824467903108351
ICAM1,HLA-DPA1,0.010245988095424088
ICAM1,HLA-DRA,0.0029835851830729144
ICAM1,ITGAV,0.00048129412674919665
ICAM1,ITGB8,-0.003694357679405887
ICAM1,LDHA,0.004513700788815133
ICAM1,LTBP1,0.0032819689033382103
ICAM1,LYZ,-0.007632519703154045
ICAM1,MMP1,-0.0023994672429011477
ICAM1,MX1,0.0006539115473208115
ICAM1,NF1,-0.01338299616491355
ICAM1,NOTCH1,-0.0007352480510170075
ICAM1,PKM,0.002006127178467852
ICAM1,POLR2A,0.00860182035617938
ICAM1,RPL7A,0.009180906844661727
ICAM1,S100A9,-0.004185192193145924
ICAM1,SPP1,-0.002011722460746906
ICAM1,STAT1,0.00031493044399612697
ICAM1,TFRC,-7.411737540075018e-05
ICAM1,THBS1,0.004182764529079438
ICAM1,VCAN,0.0046967497873932045
ICAM2,EGR1,4.432571415862425e-05
ICAM2,THBS1,3.282524383928423e-05
ICAM5,C7,-0.00012101250774914644
ICAM5,CD74,-8.139598797799746e-05
ICAM5,COL6A3,-7.450599035132015e-05
ICAM5,EGR1,0.0001705067166339946
ICAM5,SPP1,0.000550013859860461
ICAM5,THBS1,-1.6199629248740548e-05
ICOS,EGR1,1.5913078583489378e-05
ICOS,THBS1,5.313589118305831e-06
ICOSLG,A2M,-0.00014205361669087955
ICOSLG,B2M,0.0010861573534071249
ICOSLG,C7,-0.00025739848016196384
ICOSLG,CD74,-0.0003501244927451461
ICOSLG,COL5A1,-0.0002931634262943491
ICOSLG,EGR1,6.900742043542805e-05
ICOSLG,HIF1A,0.00044862965988962854
ICOSLG,ITGAV,1.9750849630178887e-05
ICOSLG,ITGB8,-6.569480259577055e-05
ICOSLG,LTBP1,0.0005718722429864358
ICOSLG,SPP1,-8.571411051340859e-05
ICOSLG,THBS1,0.0001895254125060463
ICOSLG,VCAN,0.00011191299565891532
ID4,C7,2.0386302534859553e-19
IDO1,A2M,-0.0007285451811622228
IDO1,CD74,-0.0001001336529048305
IDO1,COL6A3,-0.00012523141463927578
IDO1,EGR1,0.0007994702399273179
IDO1,MKI67,0.001501843288821326
IDO1,PKM,0.020199659690294962
IDO1,S100A9,-0.003376608588489012
IDO1,SPP1,0.0023697538293744563
IDO1,THBS1,0.000922493450425523
IER3,APOE,0.0004580094758236814
IER3,C7,-0.0010439450691564838
IER3,CD74,0.0004818471343780884
IER3,COL11A1,-0.0013429718974951948
IER3,CTNNB1,0.001578080705569319
IER3,ESR1,0.002142113685833195
IER3,FGFR1,-0.0011200531360932092
IER3,HLA-C,-0.0070143077364508664
IER3,MYC,0.0004082652281511297
IER3,POLR2A,0.011031187397622978
IER3,SPP1,-0.0027981326850009722
IER3,THBS1,0.0009546445948554154
IFI16,CD74,-0.000501249684345039
IFI16,LTBP1,0.0039756403401168166
IFI16,MKI67,0.0025121305430930102
IFI16,THBS1,0.0023199876438371957
IFI6,SPP1,2.465386055482352e-18
IFIH1,C7,-1.3860161749591683e-05
IFIH1,MKI67,0.0017460537971053704
IFIH1,SPP1,0.001756790680113805
IFIH1,THBS1,0.0007871127974725928
IFIH1,VCAN,0.00024656684747875724
IFIT2,SPP1,0.0008149641845278615
IFIT2,THBS1,0.0005259695221947068
IFITM1,C7,-0.007704428223279905
IFITM1,CD74,0.004672771886119477
IFITM1,COL6A3,-0.0033859696045836583
IFITM1,FGFR1,0.01766696854142267
IFITM1,MMP7,-0.010284928826758532
IFITM1,THBS1,0.0019473632661780183
IFITM1,VCAN,0.009617235530380158
IFITM2,THBS1,4.705695436780387e-19
IFNA1,COL5A1,7.25462658886766e-06
IFNA1,EGR1,-6.743229079510249e-07
IFNA1,FGFR1,-2.577521810866843e-05
IFNA1,MYC,-2.3068508516160238e-05
IFNA1,THBS1,1.0829146204130497e-05
IFNA1,VCAN,5.3255730187274705e-06
IFNAR1,B2M,0.0018845368187279008
IFNAR1,C7,9.374724181023706e-05
IFNAR1,CD47,0.0020590601014921304
IFNAR1,COL5A1,-0.00046131058078722277
IFNAR1,COL6A3,-0.0002669065407508833
IFNAR1,CTNNB1,0.0026317756891302713
IFNAR1,EGR1,0.00030801825993043727
IFNAR1,ESR1,4.510705776605297e-05
IFNAR1,FGFR1,-0.00042267333092633726
IFNAR1,FLNB,0.0027368491539403305
IFNAR1,HLA-B,-0.004603689749095374
IFNAR1,IGF2R,0.00818198629462088
IFNAR1,LDHA,0.001004232398195481
IFNAR1,LTBP1,-0.0008580822929866674
IFNAR1,MKI67,0.0004518648940099423
IFNAR1,MMP1,-0.0007961068970983467
IFNAR1,MYC,-4.1221707158787633e-05
IFNAR1,NOTCH2,0.00021615625542243606
IFNAR1,PKM,0.0022692477944690564
IFNAR1,RPL23,-0.004566629399720693
IFNAR1,SPP1,-0.0014045732998717155
IFNAR1,STAT1,5.145027187582314e-05
IFNAR1,TPI1,0.0006946143092615448
IFNAR1,VCAN,0.00050781131861766
IFNGR1,A2M,0.0008217177739233678
IFNGR1,B2M,0.00044937185986125897
IFNGR1,C7,5.245720770701625e-05
IFNGR1,CD74,-0.0008750936615931262
IFNGR1,COL5A1,-0.005057087000534944
IFNGR1,EGR1,0.0010186840298207602
IFNGR1,FGFR1,-0.00014055698961389272
IFNGR1,LTBP1,-9.682627799120766e-05
IFNGR1,MKI67,0.002650234218728021
IFNGR1,PKM,0.011188707531976448
IFNGR1,SPP1,-0.0004993511200769493
IFNGR1,STAT1,0.000999304471066575
IFNGR1,THBS1,0.0018145588223715465
IFNGR1,VCAN,0.0016764862886740682
IFNGR2,A2M,0.00024278345464827543
IFNGR2,C7,0.001244681735655207
IFNGR2,CD74,-0.0009199437995812966
IFNGR2,CENPF,0.0048267381371058
IFNGR2,COL5A1,-0.001782538381578684
IFNGR2,COL6A3,0.00032772275589603177
IFNGR2,CTNNB1,0.0017999828898126228
IFNGR2,HIF1A,0.0019568971520094146
IFNGR2,IGF2R,0.00023439738350055584
IFNGR2,LTBP1,-0.000939636994474221
IFNGR2,MKI67,0.000536400928626744
IFNGR2,PKM,0.004654790408488109
IFNGR2,RPL23,-0.0026618334713044236
IFNGR2,SPP1,-0.0014208039455637334
IFNGR2,STAT1,0.003070022170079199
IFNGR2,THBS1,0.0007565176376174351
IHH,B2M,3.9881242047069365e-05
IHH,COL6A3,1.8938410294130757e-05
IHH,EGR1,-1.4410940405973981e-05
IHH,THBS1,3.0891015532779774e-05
IKBKB,A2M,-0.0001190481625206095
IKBKB,B2M,0.001894192385570057
IKBKB,C7,3.226771582300898e-05
IKBKB,CD74,-0.0006502040840796324
IKBKB,COL11A1,0.0013970363102149767
IKBKB,CTNNB1,-0.0002285458270116133
IKBKB,EGR1,-0.00010829992531129236
IKBKB,ENO1,-0.0021532836597126692
IKBKB,FGFR1,-0.00034183880236624513
IKBKB,PKM,0.00041220413974731447
IKBKB,S100A9,-0.0008408931851097575
IKBKB,SPP1,-0.00013208233495784602
IKBKB,VCAN,-0.00010101844593059155
IKBKG,CD74,2.2897914988226565e-05
IKBKG,COL6A3,4.314054397547938e-05
IKBKG,FGFR1,-0.00010255180553638465
IKBKG,MKI67,0.00036883193626346034
IKBKG,PKM,4.5866891841324455e-05
IKBKG,SPP1,2.8036787381625423e-05
IL10,EGR1,2.594628347034865e-05
IL10,THBS1,7.081916131288834e-05
IL10RA,CD74,-0.000191521384313267
IL10RA,EGR1,0.000398270351623076
IL10RA,THBS1,0.00013274124771318308
IL11,THBS1,1.4976781044488366e-05
IL12RB2,SPP1,6.16346513870588e-19
IL16,A2M,9.391290644564994e-06
IL16,CD74,-0.0002045336010071841
IL16,COL5A1,-0.00042589835797936297
IL16,EGR1,0.00030779219153089725
IL16,THBS1,0.000547172725201991
IL17A,A2M,-7.361216980061427e-05
IL17A,B2M,0.00019165076138058393
IL17A,CD47,7.291105609855269e-05
IL17A,CD74,-1.9599328772539415e-05
IL17A,COL6A3,1.3365660928173054e-05
IL17A,CTNNB1,8.886500190342265e-05
IL17A,EGR1,-1.1523844688966935e-05
IL17A,FGFR1,-1.7858919676870863e-05
IL17A,ITGB8,2.634342883377261e-06
IL17A,MYC,-3.133205079895026e-05
IL17A,THBS1,2.3528142402513032e-05
IL18,EGR1,5.4824972062917066e-05
IL18R1,THBS1,2.958910729966217e-05
IL1A,B2M,1.8369706710199577e-05
IL1A,C7,-1.6046050450191657e-05
IL1A,COL6A3,-5.9304124514425856e-05
IL1A,SPP1,1.6639906905076174e-05
IL1A,THBS1,0.00011486929452656881
IL1A,VCAN,5.0670988100275566e-05
IL1B,EGR1,7.356294573006356e-05
IL1RN,THBS1,2.2615064545182268e-05
IL21R,THBS1,2.205794735990806e-20
IL22RA1,EGR1,-8.250368510342558e-21
IL24,COL6A3,1.1625134232212376e-05
IL2RA,THBS1,7.352649119969354e-21
IL2RB,EGR1,0.0001561402568770622
IL2RG,CD74,-0.00015954629097023079
IL2RG,EGR1,0.00023075197101996242
IL2RG,PKM,0.0014563065450530846
IL2RG,THBS1,0.0004890989178548126
IL2RG,VCAN,-2.6485193401640183e-05
IL32,A2M,0.002438222786896544
IL32,ALDOA,-0.02360423461319067
IL32,CD74,-0.0021133742722371216
IL32,COL11A1,0.023180234450014603
IL32,COL6A3,-0.0038931689174685957
IL32,EGR1,0.0009071210886355278
IL32,ENO1,-0.0008429945635594681
IL32,ERBB2,0.035132872063564725
IL32,IGF2R,0.03588860228682855
IL32,LAMC2,-0.0034222227400200196
IL32,LTBP1,-0.007646091767209682
IL32,MMP1,0.00048031479508380887
IL32,PKM,0.04978836466425097
IL32,POLR2A,0.030057089870495685
IL32,RPL23,-0.0029688601222929148
IL32,S100A9,-0.013113992825531688
IL32,SPP1,-0.005881274645289145
IL32,THBS1,0.0036647144007975517
IL32,VCAN,-0.006511844001158479
IL33,EGR1,0.000396051818955525
IL34,EGR1,1.6500737020685115e-20
IL4,EGR1,-6.1877763827569176e-21
IL6,CD74,-0.00016115823857789751
IL6,EGR1,0.0005227272503890682
IL6,THBS1,0.0008989340779775739
IL6R,CD74,4.264224068040119e-05
IL6R,MKI67,0.0005576345157005801
IL6R,THBS1,0.0002505138581093927
IL7R,CD74,-0.00016322000941779432
IL7R,COL5A1,-0.0008796141902644903
IL7R,EGR1,0.00046190652790314214
IL7R,PKM,0.002383937047770211
IL7R,SPP1,-0.000647047402603813
IL7R,THBS1,0.0007969147993380046
INHBA,THBS1,6.38191106162916e-05
IRF1,CD74,-0.00027458614688164406
IRF1,EGR1,0.00026771931388350835
IRF1,THBS1,0.0006711413330288269
IRF3,COL6A3,-2.0746330368947335e-20
IRF4,THBS1,2.3528477183901933e-19
IRF5,LTBP1,0.0001646710639322122
IRF7,THBS1,1.1764238591950967e-19
IRF8,EGR1,0.00036330792015967545
IRF8,THBS1,0.00010877602771753758
ITGA1,CD74,-1.5262846385763352e-19
ITGA4,CD74,-3.959838339421262e-05
ITGA4,EGR1,2.6526603288420274e-05
ITGA4,THBS1,0.0004165378377615069
ITGA6,A2M,0.0007065661766588562
ITGA6,ALDOA,4.566692875562366e-05
ITGA6,CD74,-0.00018521768834980147
ITGA6,COL5A1,-0.0003532853540384259
ITGA6,CTNNB1,0.00039627133550428236
ITGA6,LTBP1,0.0035780591385839835
ITGA6,NF1,-0.0004023969705727279
ITGA6,RPL23,-0.0014533070846355848
ITGA6,TFRC,-0.00041081827212421674
ITGA6,THBS1,0.00042315293659041616
ITGAE,THBS1,2.9410596479877416e-20
ITGAL,CD74,-8.364482592867898e-06
ITGAL,EGR1,0.0003094526328910955
ITGAL,THBS1,9.770958297590508e-05
ITGAM,CD74,-4.261689104394399e-06
ITGAM,EGR1,0.00017281509840316189
ITGAM,SPP1,4.406433771178424e-05
ITGAM,THBS1,2.4973282852117965e-05
ITGAV,CD74,-5.627617702404759e-05
ITGAV,THBS1,0.0013507479091894694
ITGAX,CD74,-0.00029787117006597243
ITGAX,EGR1,0.0004029176685341246
ITGAX,THBS1,0.0006836125061913456
ITGB2,CD74,-0.0005299451505831017
ITGB2,EGR1,0.0006390626526396926
ITGB2,THBS1,6.487155621275745e-06
ITGB8,EGR1,-7.920353769928854e-19
ITPK1,C7,-1.4215035994411624e-05
ITPK1,CD74,-0.00010207617232055597
ITPK1,EGR1,-2.667686145134496e-05
ITPK1,FGFR1,-7.379644472105769e-05
ITPK1,VCAN,0.00044410697087074127
JAG1,A2M,0.0009023303745214601
JAG1,B2M,9.316872088570446e-05
JAG1,CD74,-0.000988532570877251
JAG1,COL5A1,-0.0004904188264825347
JAG1,COL6A3,-0.0003955564250381746
JAG1,EGR1,0.000652676799300754
JAG1,ENO1,0.002309046754824286
JAG1,FGFR1,-0.0010890583207380543
JAG1,HIF1A,0.00025936918500322684
JAG1,LDHA,0.00022786920657543168
JAG1,STAT1,0.0038994364226637122
JAG1,THBS1,0.0005299234081270734
JAG2,CD74,3.652565020430106e-05
JAG2,COL6A3,1.486227723014176e-05
JAG2,SPP1,4.5451261106892566e-05
JAG2,VCAN,3.0635090857866736e-05
JAK1,ALDOA,0.00044806647530013763
JAK1,CD74,-0.0004325968462635612
JAK1,COL5A1,-0.0006537944190084029
JAK1,EGR1,0.0004369688301623403
JAK1,FGFR1,-0.0004353862037249355
JAK1,RPL7A,-0.0013079532684830751
JAK1,SPP1,7.292736449813605e-05
JAK1,THBS1,0.000251815228662134
JAK1,VCAN,-0.00012942237417476997
JAK2,A2M,0.00027327579076431846
JAK2,B2M,0.001008413323595004
JAK2,CD74,-0.0005517202633550616
JAK2,COL5A1,-3.491421465385561e-05
JAK2,EGR1,0.0003472129750582163
JAK2,FGFR1,-2.8174827157846142e-05
JAK2,MKI67,7.093014219350121e-05
JAK2,SPP1,0.00043702108962472334
JAK2,THBS1,0.00016997177289813752
JAK3,THBS1,8.427508073645714e-05
KAT2B,CD74,-0.00043624280397207906
KAT2B,EGR1,0.00026923391545193124
KAT2B,SPP1,0.00016238909385399826
KAT2B,THBS1,7.870403739509399e-05
KDR,A2M,2.0090994397184813e-05
KDR,B2M,0.0009591434658606047
KDR,C7,-0.00025421371905627203
KDR,CD74,-0.00033605523505763935
KDR,COL5A1,-2.3636793953855848e-05
KDR,COL6A3,-0.00016434772645564745
KDR,EGR1,0.0001215088065756872
KDR,LTBP1,0.0005831707778736478
KDR,SPP1,-2.5501020427841996e-05
KDR,STAT1,0.0006143785838645404
KDR,THBS1,0.0003338260559202177
KIR3DL2,EGR1,-1.0312960637928197e-21
KIT,A2M,0.0002495779649672735
KIT,ALDOA,0.001412096000759323
KIT,APOE,-0.00019696986068509016
KIT,ARID1A,2.6378892132753774e-05
KIT,B2M,0.00028690410283997594
KIT,C7,0.0003115447626154491
KIT,CD74,-0.00023542110542650244
KIT,COL11A1,-0.0008366134662667998
KIT,COL6A3,6.180144487833523e-05
KIT,CTNNB1,4.420689820425208e-06
KIT,EGR1,-4.649776384401849e-05
KIT,ENO1,7.194313839539113e-05
KIT,ESR1,0.00011833610261685884
KIT,FGFR1,-0.0002832286092723627
KIT,LDHA,-3.1353131248520186e-05
KIT,MFGE8,0.00022766476892152138
KIT,MKI67,1.9334441439390262e-05
KIT,MMP1,9.670484865223815e-05
KIT,MX1,0.0012649065499665839
KIT,NOTCH2,0.0007836627563562333
KIT,PKM,0.00022593452692117058
KIT,RPL23,-0.0005874114028299471
KIT,S100A9,0.0020337379642112914
KIT,SFRP4,9.086870575752177e-05
KIT,SPP1,-0.00031865672505395243
KIT,TFRC,-0.00032282165694261526
KIT,THBS1,0.00015038482549020802
KIT,TPI1,0.0006323804437548643
KLRB1,EGR1,9.907354901245249e-05
LAMB3,CD74,0.00027417497339416586
LAMB3,COL11A1,0.0005230020160028059
LAMB3,PKM,0.005606237595452926
LAMC2,EGR1,-1.3200589616548092e-19
LCK,EGR1,0.0002743602674839976
LCK,THBS1,2.287869211610822e-05
LDHA,CD74,-0.0006695119217395213
LDHA,LTBP1,0.002344075825986317
LDHA,VCAN,0.0019010343389528263
LDHB,C7,-0.0013590638582837214
LDHB,CD47,0.002778625082045174
LDHB,CD74,-0.002844518254454281
LDHB,CENPF,0.0001796085824928171
LDHB,COL5A1,0.00011971896039546481
LDHB,COL6A3,0.00458056385867671
LDHB,CTNNB1,-0.011321746934945257
LDHB,EGR1,-0.0019275569277819508
LDHB,HLA-B,0.02196645975365162
LDHB,LTBP1,-0.003290250162808044
LDHB,MX1,-0.005413488239205092
LDHB,PKM,-0.003976079315547557
LDHB,RPL7A,-0.0016376689681798335
LDHB,SPP1,-0.0010221765135523004
LDHB,TFRC,0.0008862846198015171
LDHB,THBS1,-0.0013294619651717037
LDHB,VCAN,-0.002679958097610206
LIF,THBS1,0.0001695658065977764
LILRA1,CD74,-1.6181771238486045e-05
LILRA1,THBS1,5.7831457580500775e-05
LILRB2,CD74,-0.00011163350540648907
LILRB2,EGR1,4.799908092771514e-05
LILRB2,THBS1,0.00013048420443188529
LILRB4,CD74,-0.00019387590858201465
LILRB4,THBS1,0.00015401845927659913
LRRC32,CD74,-0.0007142032220278109
LRRC32,COL6A3,-0.00016692133212733965
LRRC32,CTNNB1,0.00043825204925721336
LRRC32,EGR1,6.723843278928451e-05
LRRC32,LTBP1,-0.00018820668460586273
LRRC32,MKI67,-0.00020817852032279283
LRRC32,PKM,0.002566460723919588
LRRC32,PLOD2,0.00023666539595632594
LRRC32,RPL23,-0.0007712551570343185
LRRC32,RPL7A,-0.0007488728767640935
LRRC32,SPP1,-0.0009232065854204025
LRRC32,STAT1,0.0033724789294605167
LRRC32,THBS1,0.0006502591147226074
LTB,APOE,0.0004313086623842356
LTB,BCAT1,0.002929223045694
LTB,CCNE1,0.003930816007602756
LTB,CD74,-0.0003681123736670387
LTB,CENPF,0.005167136545636677
LTB,COL11A1,-0.0007940906175869752
LTB,COL5A1,-0.0020137730840977244
LTB,COL6A3,0.00043145114722459917
LTB,EGR1,0.0005138618788924159
LTB,ENO1,0.007494417849764775
LTB,EPCAM,-0.008341278214841982
LTB,ERBB2,0.003070123383517861
LTB,ESR1,0.0032175296273562488
LTB,HLA-B,0.0009249254380176661
LTB,HLA-DRA,-0.0008467374255202968
LTB,ITGAV,-0.0033568255889483045
LTB,ITGB8,0.0025962138612779426
LTB,LAMC2,-0.0040938773317157
LTB,LTBP1,-0.0018821166413691673
LTB,LYZ,0.0008369259210119978
LTB,MFGE8,-0.0020159361155927774
LTB,MKI67,-0.0004893383588436787
LTB,MMP1,-0.0016493724918779395
LTB,MYC,-0.0007804126661714414
LTB,NF1,0.0004949548917809419
LTB,PKM,0.00946840987300193
LTB,ROCK1,0.0009279546819996237
LTB,SFRP4,0.0001305391933501728
LTB,SLC2A1,-0.009135590909541863
LTB,SPP1,-0.0025891844489748664
LTB,TFRC,0.00933552860526942
LTB,THBS1,0.00016091784028269903
LTB,TNFAIP3,0.0029649586806526386
LTB,TPM1,0.00011432219120659755
LTB,VCAN,0.00030848103884645545
LTBP1,CD74,-6.0400063713154115e-05
LTBP1,EGR1,0.0005139295556711157
LY9,C7,-1.6900029879139907e-05
LY9,CD74,-2.1839839877304213e-06
LY9,EGR1,4.0568728349784864e-05
LY9,THBS1,0.00019566347941810195
LY9,VCAN,-9.257761311386788e-05
LY96,CD74,-0.00040557284701090373
LY96,EGR1,0.00037469648949040794
LY96,THBS1,0.0004893835647478598
LY96,VCAN,-4.2553617054093177e-07
LYZ,EGR1,0.0022466104701549094
MAGEA1,CD74,6.291447389346933e-05
MAGEA1,THBS1,-5.6113372437915445e-05
MAGEA1,VCAN,-4.007683380951105e-05
MAGEB2,CD74,-4.751902584157023e-06
MAGEB2,THBS1,2.2691379321248592e-05
MAGEC1,COL5A1,1.81726409619449e-05
MAGEC1,EGR1,-4.895252460850468e-06
MAGEC2,EGR1,-3.300147404137023e-20
MAML2,THBS1,6.225681534375068e-05
MAP3K5,CD74,-0.00016446826344123253
MAP3K5,COL6A3,1.9912669929606335e-05
MAP3K5,THBS1,0.00014188124628375343
MAP3K7,EGR1,-0.0001867346017203376
MAP3K8,CD74,-0.0004743230869837708
MAP3K8,COL6A3,-0.000260137397337757
MAP3K8,EGR1,0.0008578678493362363
MAP3K8,THBS1,0.0007071412108681066
CGAS,ALDOA,-4.581832345084806e-05
CGAS,APOE,-0.0010985549121836048
CGAS,CD74,0.00026835330255253764
CGAS,COL5A1,-0.00022491939242359172
CGAS,CTNNB1,0.00031672873901628996
CGAS,EGR1,0.000208834344351293
CGAS,ERBB2,-0.0007975670856484852
CGAS,FGFR1,0.00023508332922931511
CGAS,HIF1A,0.0021471147311133516
CGAS,HLA-B,-0.001971911573444729
CGAS,ITGB8,0.0015543781471966446
CGAS,LTBP1,0.0012163563686997008
CGAS,MKI67,0.00042032615097443093
CGAS,SPP1,0.0001669730198014368
CGAS,THBS1,-0.00013662660245927769
CGAS,VCAN,0.0004843065041321589
MELK,A2M,-0.0007316168211485724
MELK,ALDOA,-0.0032863480762516787
MELK,B2M,-0.0012145641032303895
MELK,C7,6.5318140460882e-06
MELK,CD74,0.000723263850541813
MELK,COL5A1,0.0016462032051680203
MELK,COL6A3,6.647500115529595e-05
MELK,EGR1,3.738720253730386e-05
MELK,FGFR1,0.00031013415767014777
MELK,HLA-B,-0.0011503759005862502
MELK,LTBP1,4.523773337658016e-05
MELK,MKI67,0.001499115115315928
MELK,MMP7,-0.00031167298854461805
MELK,MX1,-3.4939401164370595e-05
MELK,MYC,-0.00038883609293629846
MELK,NOTCH2,-0.002378796611883866
MELK,PKM,-0.001859841574820228
MELK,S100A9,-0.00110609967546663
MELK,SPP1,0.0020799203167035955
MELK,STAT1,-0.0005021566996567333
MELK,THBS1,-0.0002868613237654278
MELK,VCAN,-0.00032940186245380423
MGMT,COL6A3,-0.0003816472144152243
MGMT,SPP1,5.046518783987357e-05
MICA,EGR1,-1.6500737020685115e-20
MICB,APOE,-0.0004882300247791781
MICB,B2M,-0.0016123817416353171
MICB,BCAT1,-0.0006657842985649515
MICB,C7,-0.00048753375543745045
MICB,CD163,0.0016675738861886827
MICB,CD47,2.2150583832682076e-06
MICB,CD74,0.0005962894127283046
MICB,COL5A1,0.0002500006731753303
MICB,COL6A3,0.00028549328860609106
MICB,CTNNB1,-0.0002572917664111103
MICB,DEPTOR,-0.00039501210122368973
MICB,EGR1,4.788152832511568e-05
MICB,ENO1,0.00041549957486636377
MICB,ESR1,-0.000231225359291901
MICB,FGFR1,0.00034825404302387194
MICB,FLNB,-4.14971902360049e-05
MICB,HLA-A,-0.0008504881745026212
MICB,HLA-B,-0.0009247880292053074
MICB,LTBP1,-0.00017736605809216772
MICB,MKI67,0.0002159667288637034
MICB,MMP1,0.0008191350565802494
MICB,MYC,-5.541017125971714e-05
MICB,NF1,0.001043849246090851
MICB,NOTCH1,-0.0012332909771848183
MICB,PIK3R1,0.002540563875138304
MICB,PKM,-0.0005942380623932792
MICB,POLR2A,0.0013508853075218325
MICB,S100A9,-0.00418210442894773
MICB,SPP1,0.0021833303205727665
MICB,STAT1,-0.0013116261828303487
MICB,THBS1,-0.00017507569341843128
MICB,TNFAIP3,0.0013588847789374088
MICB,VCAN,-0.00041779821293409086
MLH1,CD74,-9.672818703428842e-05
MLH1,EGR1,-3.935830307237394e-05
MMP1,ALDOA,-0.00021369766419110557
MMP1,C7,2.456790593314435e-05
MMP1,CD74,5.665628459804544e-06
MMP1,COL11A1,0.00034314042163541243
MMP1,COL6A3,-8.254132915344772e-05
MMP1,EGR1,2.3300265618319576e-05
MMP1,ERBB2,0.0004375959565338797
MMP1,PKM,0.0011421094374909813
MMP1,SPP1,-8.370024164979265e-05
MMP1,THBS1,0.00021287537183786436
MMP1,VCAN,-4.9496981318697426e-05
MMRN2,A2M,0.0004784757065627746
MMRN2,B2M,0.000541265109587297
MMRN2,C7,-0.00011190330917825504
MMRN2,CD74,-0.0007920963614538915
MMRN2,COL5A1,-0.0007730868283098435
MMRN2,EGR1,0.00018192691918872623
MMRN2,FGFR1,-0.0004133806280933372
MMRN2,RPL7A,-0.000245294531763888
MMRN2,STAT1,0.0029425971882322257
MMRN2,THBS1,0.0002085245230417295
MRC1,EGR1,0.0005257164382923315
MRE11,C7,0.0003039929575082272
MRE11,CD74,-0.00010660775898288231
MRE11,COL6A3,-4.5473395745734404e-05
MRE11,FGFR1,0.0002690835706088135
MRE11,MYC,-0.00029075936935165584
MRE11,NF1,0.00023227345252835207
MRE11,VCAN,-0.00012435665056791508
MS4A1,THBS1,2.9410596479877416e-20
MS4A2,A2M,0.0005845253949641247
MS4A2,CD74,-0.0001259787279572012
MS4A2,COL11A1,-9.381484816430927e-06
MS4A2,CTNNB1,6.884350023815402e-05
MS4A2,EGR1,-3.933953105253936e-06
MS4A2,FGFR1,-0.00028152802872804324
MS4A2,THBS1,4.373667589754598e-05
MS4A2,VCAN,-1.4998251944667495e-05
MS4A4A,EGR1,0.0009841919666393687
MS4A6A,EGR1,0.00015368841027057055
MS4A6A,THBS1,2.2497610757879664e-05
MSH2,CD74,0.00025127902624621996
MSH2,THBS1,-0.0006045548585203822
MTOR,CD74,0.0001434701647183985
MTOR,THBS1,-4.827902140482105e-05
MXI1,APOE,0.0008296515253705218
MXI1,BCAT1,-9.051778578212885e-05
MXI1,C7,0.0005658433973907503
MXI1,CD74,-0.0004661384846569677
MXI1,CENPF,-0.0003089912224979868
MXI1,COL5A1,0.0005751868796243664
MXI1,COL6A3,-0.00036266497335826596
MXI1,CTNNB1,-0.0002217955538357288
MXI1,EGR1,-0.000407866797121758
MXI1,FGFR1,-2.3180099425317417e-05
MXI1,HLA-B,0.0029144299579578477
MXI1,HLA-C,-0.0005336605266146338
MXI1,ITGAV,-0.0006072063639390789
MXI1,LTBP1,-0.00019892875519808513
MXI1,MKI67,-0.0001957494632550695
MXI1,MYC,0.0012797171107198496
MXI1,SPP1,-9.796754741089014e-05
MXI1,STAT1,-0.00023016057921255835
MXI1,THBS1,1.2740653497210417e-05
MXI1,TPI1,0.0024498163202948194
MXI1,VCAN,0.00015899656745887626
MYC,EGR1,0.0007779431963699328
MYC,THBS1,8.945544892788902e-05
MYCT1,EGR1,1.7646451653268547e-05
MYCT1,THBS1,1.793994763749293e-05
MYD88,CD74,-0.00025130710999666893
MYD88,EGR1,0.00012343849815688138
MYD88,SPP1,0.0004898214324352148
NCR1,EGR1,9.601522370044713e-06
NCR1,THBS1,4.6473229368780934e-05
NECTIN1,A2M,-1.673020702254162e-05
NECTIN1,B2M,0.0006355250608071476
NECTIN1,C7,-7.906367423553337e-06
NECTIN1,CD74,-0.00028578068358897467
NECTIN1,COL6A3,-2.955927247085988e-05
NECTIN1,EGR1,-8.481252617707608e-06
NECTIN1,FGFR1,-1.5117219681535827e-05
NECTIN1,LTBP1,2.5232591018301744e-05
NECTIN1,MYC,-0.00022716158381953173
NECTIN1,SPP1,-0.0001400727143973946
NECTIN1,VCAN,4.5548895895879345e-05
NECTIN2,EGR1,-4.841352240488513e-05
NECTIN2,LTBP1,0.001162701061633678
NEIL1,CD74,-1.2719038654802794e-20
NFAM1,CD74,-5.167735700956545e-05
NFAM1,COL5A1,-9.050378446367934e-05
NFAM1,COL6A3,-6.1871563215389e-05
NFAM1,EGR1,6.345251274576595e-05
NFAM1,PKM,0.0005208963565127095
NFAM1,THBS1,0.00010114068738211467
NFATC2,THBS1,0.0007629216176742538
NFIL3,CD74,-0.00026953122340090687
NFIL3,EGR1,0.0005531243970656513
NFIL3,THBS1,0.0018533213452701658
NFIL3,VCAN,-0.0005218100420165769
NFKB1,CD74,-0.00045018712128295786
NFKB1,COL5A1,-0.0009676556611863314
NFKB1,COL6A3,-9.791393876060733e-05
NFKB1,CTNNB1,0.00010901394331796879
NFKB1,EGR1,0.00012371561192745604
NFKB1,FGFR1,2.12234508901374e-05
NFKB1,LTBP1,0.0003072526646220377
NFKB1,MKI67,0.0007614190288375074
NFKB1,MYC,-0.00033682016422803795
NFKB1,PKM,0.003442440405396908
NFKB1,POLR2A,0.0004399658175164772
NFKB1,RPL23,-0.0026947803047588886
NFKB1,SPP1,-0.0011032686928808119
NFKB1,THBS1,0.001609135806906569
NFKB2,THBS1,0.0003402129230220065
NFKBIA,CD74,-0.004335247319165651
NFKBIA,EGR1,0.0026083969402830205
NFKBIA,THBS1,0.008969782365818935
NGFR,B2M,0.0009566233518074983
NGFR,C7,-4.448644078469482e-05
NGFR,CD74,-0.000292092729830879
NGFR,COL11A1,-0.00012311420809517335
NGFR,COL5A1,-0.00018250650401022866
NGFR,EGR1,0.00014683238468259988
NGFR,FGFR1,-0.00012699277371805423
NGFR,MKI67,7.180018129115252e-06
NGFR,SPP1,-0.00012869972935667013
NGFR,THBS1,8.437587601743003e-05
NID2,CD74,-0.0005987994901846286
NKG7,EGR1,0.0001115660010822363
NLRC5,EGR1,3.300147404137023e-20
NOD2,CD74,-0.00011942713026753396
NOD2,COL6A3,-8.138414839439598e-05
NOD2,EGR1,-6.287891942306137e-06
NOD2,MKI67,0.00012242071254126697
NOD2,MMP1,-0.00022963844986312708
NOD2,MYC,-6.553849531098692e-05
NOD2,STAT1,0.00039836233671821584
NOD2,THBS1,0.0002613191910880122
NOTCH1,B2M,0.0004307093263854365
NOTCH1,C7,-8.987202722810501e-05
NOTCH1,CD74,-0.00028008574663481334
NOTCH1,COL5A1,-7.37407030004976e-05
NOTCH1,EGR1,6.839002183672371e-05
NOTCH1,FGFR1,-0.00021638223747760224
NOTCH1,STAT1,0.001225931471742266
NOTCH1,THBS1,3.5896184410384034e-05
NRAS,APOE,0.017798143354325866
NRAS,ATM,-0.00494847957421119
NRAS,B2M,-0.0011919813410486268
NRAS,CD74,0.0031142534318503983
NRAS,COL11A1,0.003040596331496742
NRAS,COL6A3,-0.004290370598644964
NRAS,ERBB2,-0.0029724699918514917
NRAS,FGFR1,0.00984133449276519
NRAS,FLNB,0.004203276308956855
NRAS,HLA-B,0.004918509494402783
NRAS,HLA-DRA,-0.019992145711655366
NRAS,IFITM1,0.018932157837387054
NRAS,ITGB8,0.003152452586039502
NRAS,LTBP1,-0.0025162987894853973
NRAS,MMP7,-0.0013626752484912387
NRAS,MYC,-0.0014838399863554674
NRAS,NOTCH1,2.404858023917797e-05
NRAS,NOTCH2,0.008543160593752718
NRAS,RPL23,-0.0007954151411232147
NRAS,RPL7A,0.0023762247456334345
NRAS,SPP1,-9.652061755855139e-05
NRAS,VCAN,0.00412089061840274
NT5E,CD74,-0.00034227313873737384
NT5E,SPP1,0.0005776137676239068
NT5E,THBS1,0.0003556999313074406
OAS1,COL6A3,1.6597064295157868e-19
OAS2,THBS1,2.3528477183901933e-19
OASL,C7,-0.00018708159536394794
OASL,LTBP1,0.000987806635224367
OASL,THBS1,0.0001684614564580328
OLFML2B,A2M,0.0007442541053576142
OLFML2B,C7,-0.0003282241529047787
OLFML2B,CD74,-0.0005356810758664401
OLFML2B,COL5A1,-0.00045956710196975276
OLFML2B,CTNNB1,0.002536002463769465
OLFML2B,EGR1,5.00287471717513e-05
OLFML2B,ENO1,0.00026938649167352496
OLFML2B,FGFR1,-0.0006424676006503169
OLFML2B,MKI67,-0.00016319381113437788
OLFML2B,NF1,-0.0017674488758747634
OLFML2B,STAT1,0.001112168617041919
OLFML2B,THBS1,0.0006849788990514246
OLFML2B,VCAN,0.0001254119790091993
OLR1,THBS1,0.00018549717321017243
OTOA,SPP1,3.1676912691580523e-06
P2RY13,EGR1,0.00019869124886598313
P4HA1,COL6A3,0.0001299154263871928
P4HA2,COL6A3,1.2891519065409389e-05
P4HA2,THBS1,1.1046661378971247e-05
PALMD,A2M,0.0009283649453263402
PALMD,B2M,0.0012047588097206046
PALMD,C7,-0.00019922528229193077
PALMD,CD74,-0.0007518186662616436
PALMD,COL5A1,-0.0008069165283845046
PALMD,FGFR1,-8.157842731360194e-05
PALMD,MMP7,0.00125729460096323
PALMD,STAT1,0.0020709532510230218
PALMD,THBS1,0.00021789912781409608
PARP4,A2M,-9.651267368668318e-05
PARP4,ALDOA,-0.00021562913609389495
PARP4,APOE,0.003348126705104061
PARP4,C7,0.0009702603362995847
PARP4,CD74,-0.0004320761853811728
PARP4,COL11A1,0.0002345213772245938
PARP4,EGR1,-0.0003222909932162715
PARP4,ERBB2,0.0031163051088814553
PARP4,ESR1,-0.0004685189144573879
PARP4,HLA-B,5.310459375675075e-05
PARP4,JAG1,-0.0028662098012025503
PARP4,LDHA,0.001620307978295806
PARP4,LTBP1,-0.00041605641633834356
PARP4,MYC,0.0018188653844340627
PARP4,PKM,0.002836469100548706
PARP4,POLR2A,-0.0003028824667229833
PARP4,SPP1,3.335484954582765e-05
PARP4,THBS1,5.1706962393370186e-05
PARP4,VCAN,-0.000623715014327262
PC,A2M,4.0471921233544506e-19
PCK2,SPP1,0.00022161860965576574
PDCD1,EGR1,8.250368510342558e-21
PDCD1LG2,THBS1,0.00012608932619860523
PDGFB,THBS1,1.4705298239938708e-20
PDGFRB,CD74,-0.0006035125653063379
PDGFRB,EGR1,0.0007645973588478006
PDGFRB,THBS1,0.000373557715794597
PDK1,CD74,-5.0876154619211175e-20
PECAM1,A2M,0.0006160857009277997
PECAM1,B2M,0.0008005603364906492
PECAM1,C7,-0.0016301631905856937
PECAM1,CD74,-0.0007769040897304073
PECAM1,COL5A1,-0.0012817296761845581
PECAM1,EGR1,0.002078077977643669
PECAM1,FGFR1,-0.0002557981211396654
PECAM1,THBS1,0.00044520908475416784
PFKFB3,COL6A3,-2.756211918792906e-05
PFKFB3,EGR1,0.000290046735325675
PGPEP1,CD74,1.3627820547255515e-06
PGPEP1,COL6A3,-0.00019379979904792646
PIAS4,CD74,2.5287035914398497e-05
PIAS4,VCAN,0.00021522679701396123
PIK3CA,THBS1,2.9410596479877416e-20
PIK3CD,CD74,-9.281744572949749e-05
PIK3CD,COL5A1,-0.0004498871416573115
PIK3CD,EGR1,0.00013426794563743436
PIK3CD,MKI67,0.0007547096048338844
PIK3CD,THBS1,0.0004067354919427105
PIK3CD,VCAN,0.00022692991645302765
PIK3CG,CD74,-8.373839459050993e-05
PIK3CG,COL5A1,-1.1206434073546495e-05
PIK3CG,EGR1,0.0001569530175195118
PIK3CG,THBS1,0.00026846468180947097
PIK3CG,VCAN,-9.031396775804163e-05
PIK3R1,EGR1,1.3200589616548092e-19
PIK3R2,CD74,0.0008667968017919778
PIK3R2,EGR1,-0.00023088339750360602
PIK3R5,CD74,-8.337082015604218e-05
PIK3R5,EGR1,0.00024293851838783474
PIK3R5,THBS1,0.00024347082656429804
PKM,EGR1,-0.0019135523013485657
PLA1A,THBS1,1.4705298239938708e-20
PLA2G2A,COL6A3,-1.6597064295157868e-19
PMS2,CD74,0.00022977908398517195
PMS2,EGR1,-3.273204687821658e-05
PNOC,APOE,0.0007560004074577475
PNOC,C7,-8.120027893212658e-05
PNOC,CCNE1,0.013129336282255068
PNOC,COL6A3,-0.0002505053523799303
PNOC,ESR1,0.0001426260735343503
PNOC,FGFR1,0.00026976362989007913
PNOC,HIF1A,-0.0003192497344925997
PNOC,LTBP1,-0.000539497744630196
PNOC,MMP1,-1.0748562178919166e-05
PNOC,NOTCH2,0.0009684578719507371
PNOC,POLR2A,-0.00048770328772772774
PNOC,SPP1,-0.0001098010408835813
PNOC,THBS1,4.049895514899827e-05
POLD1,EGR1,-8.188584822168862e-06
PRF1,A2M,-0.00012897516774996136
PRF1,C7,-0.00016517792493395464
PRF1,CD74,-1.2599370375000638e-05
PRF1,COL6A3,-6.0773322108254065e-06
PRF1,EGR1,0.00020762967494528144
PRF1,LTBP1,-4.106093170134937e-05
PRF1,MYC,1.6355733204184133e-05
PRF1,SPP1,-4.748928289718357e-06
PRF1,THBS1,-8.733156008253844e-06
PRKAA2,A2M,-1.2462929765631836e-05
PRKAA2,CD74,1.388384494130068e-05
PRKAA2,COL5A1,0.00027731928784871995
PRKAA2,COL6A3,-0.0001615454898108714
PRKAA2,EGR1,3.9629093330051996e-05
PRKAA2,ITGAV,4.372267710025806e-07
PRKAA2,MYC,0.00011738901213597081
PRKAA2,POLR2A,0.0003854699776874785
PRKAA2,SPP1,2.296405223242187e-05
PRKAA2,THBS1,-6.196118944649109e-05
PRKACB,CD74,-0.00015781985272733917
PRKACB,EGR1,0.00024766315135832867
PROM1,APOE,0.00505824427854818
PROM1,B2M,-0.0007874647950989617
PROM1,BCAT1,0.002769147139104711
PROM1,C7,0.00024004781099624495
PROM1,CD163,0.002901960791337388
PROM1,CD74,-0.0017889940094387442
PROM1,CENPF,-0.0027359027995726487
PROM1,COL11A1,0.0011699320204576755
PROM1,COL6A3,-0.0014148436425285998
PROM1,EGR1,-0.00042772959657238536
PROM1,FGFR1,-0.0017099152515455175
PROM1,HLA-A,-0.000585467946055986
PROM1,HLA-C,-0.00020854097025122786
PROM1,IGF2R,0.0025432144144621875
PROM1,ITGAV,-0.0006677063590045598
PROM1,ITGB8,0.0014413242185889158
PROM1,JAG1,0.00397480622216119
PROM1,LDHA,0.00018833343395776098
PROM1,LTBP1,-0.0017131202564989291
PROM1,MFGE8,-0.002561369039342448
PROM1,MKI67,-0.00017843780018203948
PROM1,MMP1,-0.0023741313913879306
PROM1,MYC,0.0027783142995917256
PROM1,NF1,-0.00401659393027886
PROM1,PSMC4,-0.0017298224212252426
PROM1,RAD50,-0.0030665358847865036
PROM1,RPL23,-0.0024124784617441646
PROM1,RPL7A,0.002385507603399111
PROM1,S100A9,-0.004349267038639554
PROM1,SDHA,-0.0017502504005260588
PROM1,SFRP4,0.006575219890438851
PROM1,SPP1,0.00185853884519133
PROM1,STAT1,-0.001492596756944005
PROM1,STAT3,-0.00015379561034562016
PROM1,THBS1,-4.8038518299546934e-05
PROM1,VCAN,0.0002409136926333569
PRR5,THBS1,1.4708029457095404e-05
PSMB5,CD74,0.00030952426881507403
PSMB5,COL6A3,0.0002682769112446348
PSMB5,EGR1,-0.0005648247983932971
PSMB5,FGFR1,0.00041242031985339376
PSMB5,LTBP1,-1.021336210833329e-05
PSMB5,SPP1,-0.0002907335797102518
PSMB5,VCAN,0.00023338118588309316
PSMB8,APOE,-0.0008444998484939717
PSMB8,B2M,-0.00022299285265909557
PSMB8,CD74,-3.8730131196631914e-07
PSMB8,CENPF,0.0014281207247865764
PSMB8,COL5A1,-0.001645483993673813
PSMB8,COL6A3,-0.0001767671758911536
PSMB8,ENO1,-0.002070036159874011
PSMB8,FGFR1,0.0031899751776750442
PSMB8,ITGAV,0.002120453069007986
PSMB8,LTBP1,-8.404027159541642e-05
PSMB8,MKI67,0.002026555988803905
PSMB8,MMP7,-0.003503773494611092
PSMB8,PKM,0.0033785417081597753
PSMB8,S100A9,-0.0009812444029557472
PSMB8,SPP1,0.0018515433959168882
PSMB8,TFRC,0.003286661568301267
PSMB8,THBS1,2.5577318825201604e-05
PSMB8,VCAN,0.0013688912621142733
PSMB9,CD74,-0.0003188920005335363
PSMB9,FGFR1,0.0023267699352367745
PSMB9,MKI67,0.0017768758596143856
PSMB9,PKM,0.0022817207738090894
PSMB9,SPP1,0.00060644279467622
PSMB9,THBS1,0.00015146055901613884
PSMB9,VCAN,0.0009570449445860885
PTGER4,EGR1,0.00033549310720182865
PTGS2,CD74,-6.728197276647952e-05
PTGS2,EGR1,1.2141717231893575e-07
PTGS2,MYC,0.0005738836010798266
PTGS2,THBS1,0.00020675472892241276
PTGS2,VCAN,-9.836299999186508e-05
PTPN11,EGR1,-0.0002812971365709613
PTPRC,CD74,-0.00013975511995570938
PTPRC,COL5A1,-0.00034612403688430204
PTPRC,EGR1,0.00019568955963513045
PTPRC,THBS1,0.0005491371478127978
PVR,A2M,-0.0003597223132613148
PVR,ALDOA,-0.00035675560262015684
PVR,CD74,0.00015587925623948142
PVR,COL11A1,-0.00010858643076251543
PVR,EGR1,-0.00026257865690725794
PVR,LTBP1,0.00033397494722228657
PVR,MYC,-4.4985084390239206e-05
PVR,PKM,-6.079079664910436e-05
PVR,POLR2A,0.0035518290402436303
PVR,SPP1,-0.0004056450436375887
PVR,THBS1,-0.0001400657985166302
PVRIG,C7,-5.508892776891204e-06
PVRIG,CD74,-2.4813895316259107e-06
PVRIG,THBS1,2.8453086230765106e-05
RAD51,VCAN,2.0407966834154548e-20
RAD51C,A2M,-0.00010642764833584225
RAD51C,ARID1A,0.0013823618071505453
RAD51C,B2M,-0.0006017719649018913
RAD51C,BCAT1,0.00028393733344956684
RAD51C,C7,-1.0171000811095362e-05
RAD51C,CD47,-0.0014351835855680453
RAD51C,CD74,0.00025992323737827867
RAD51C,COL5A1,0.00026629511614681157
RAD51C,COL6A3,0.00015946819095220743
RAD51C,CTNNB1,-0.00036928531378332003
RAD51C,EGR1,-6.238206851923716e-05
RAD51C,ENO1,0.0003251705640897039
RAD51C,FGFR1,-9.643139118192156e-05
RAD51C,HLA-B,0.0003859120595397132
RAD51C,HLA-DRA,-0.0003724991909203843
RAD51C,ITGAV,-0.0008113663943890685
RAD51C,ITGB8,7.706481051043426e-05
RAD51C,LTBP1,-3.210012291387168e-05
RAD51C,MKI67,-9.169625421252974e-05
RAD51C,MMP7,0.0010899039990409874
RAD51C,MYC,0.0004987205032335495
RAD51C,NOTCH2,-0.0004037825661511174
RAD51C,PKM,-0.0006025401749378285
RAD51C,RPL23,0.0001169222200862563
RAD51C,S100A9,-0.0005363104912717308
RAD51C,SLC2A1,-0.00017474699229705503
RAD51C,SPP1,0.00033876517876645383
RAD51C,TFRC,-0.00027030135664487756
RAD51C,THBS1,-0.00017990700297923742
RAD51C,VCAN,-0.00015877773801420934
RASAL1,COL6A3,-1.0373165184473667e-20
RASGRF1,C7,-1.3920816696354374e-06
RASGRF1,CD74,-4.740311339492869e-06
RASGRF1,COL5A1,1.6161987567340516e-05
RASGRF1,FGFR1,-6.966671978814897e-05
RASGRF1,MYC,-2.563198065985131e-05
RASGRF1,S100A9,6.874900228478991e-05
RASGRF1,THBS1,6.089779483995917e-06
RELA,A2M,-0.0003150638818624978
RELA,C7,-2.8114024771244347e-05
RELA,CD74,-3.9423562473988825e-05
RELA,COL6A3,7.685635326101735e-05
RELA,MKI67,0.0008826411438091444
RELA,SPP1,0.0002547915841167624
RELB,THBS1,5.882119295975483e-20
REN,EGR1,-2.0625921275856394e-21
RIPK1,ALDOA,-4.164178524190066e-05
RIPK1,C7,-0.0002079028079987224
RIPK1,CD74,-5.1407881948824225e-05
RIPK1,COL6A3,-0.00022821447013118598
RIPK1,EGR1,0.00022516469506994263
RIPK1,FGFR1,0.00014821716416597933
RIPK1,ITGB8,-0.0003584118810846646
RIPK1,LTBP1,4.117747175776852e-05
RIPK1,RPL23,-0.00041523792731121013
RIPK1,SPP1,0.0003034168371736117
RIPK1,THBS1,0.0003326819934728888
RIPK1,VCAN,8.65245211733808e-05
ROBO4,A2M,9.382980880106462e-06
ROBO4,B2M,0.0001901789340137269
ROBO4,C7,-2.201787521497954e-06
ROBO4,CD74,-4.7797277800750384e-05
ROBO4,COL5A1,-2.6777646008412767e-05
ROBO4,STAT1,7.506312421749711e-05
ROCK1,THBS1,2.9410596479877416e-20
ROR2,CD74,-0.00042664440579412086
ROR2,THBS1,0.00040719393345872414
RPL7A,MKI67,6.60780915650376e-18
RPTOR,A2M,-0.0005225386074928833
RPTOR,C7,-0.00013216911195011006
RPTOR,CD74,0.0005704674675779537
RPTOR,COL6A3,0.0003859007776668563
RPTOR,EGR1,-0.00012823284048388788
RPTOR,FGFR1,0.00019727980211132332
RPTOR,HLA-DPA1,-0.0004998808465841437
RPTOR,ITGAV,2.6539955952304452e-05
RPTOR,ITGB8,-0.00019951497045993174
RPTOR,MYC,0.0004600649241155384
RPTOR,THBS1,-0.0004604424945345595
RPTOR,VCAN,-0.000470937128036219
RRM2,SPP1,3.08173256935294e-19
S100A12,ALDOA,0.00030301570371340256
S100A12,APOE,-0.00022752684072780752
S100A12,ATM,-0.0006283350785567204
S100A12,B2M,0.0001601040047630233
S100A12,CD74,4.111433968311228e-05
S100A12,COL11A1,-0.0005271925721577258
S100A12,COL5A1,-8.230572906566823e-05
S100A12,COL6A3,-0.00011281330292313825
S100A12,CRABP2,0.0006731915942115467
S100A12,EGR1,-2.304606376755736e-05
S100A12,FGFR1,-0.00026153316207535747
S100A12,HLA-C,-0.0010386032587641468
S100A12,IGF2R,-0.0004578077081499994
S100A12,ITGB8,-0.0013636215904440298
S100A12,LTBP1,-0.0001697008247664119
S100A12,MKI67,0.00019554513379606102
S100A12,MMP1,-0.0009200279224345955
S100A12,MMP7,8.691727928219292e-05
S100A12,NF1,-0.000294543807005261
S100A12,NOTCH1,-0.00021615541079178876
S100A12,POLR2A,9.894355818908521e-05
S100A12,RPL23,-0.001237122845324975
S100A12,SPP1,-0.0002911029861575392
S100A12,TFRC,-0.0012609471958040031
S100A12,THBS1,0.00047236289826588923
S100A12,TNFAIP3,-7.024764158839288e-05
S100A12,VCAN,0.00015326257730451697
S100A9,COL6A3,0.0005064039785261016
SAMD9,SPP1,0.00015808734967269434
SAMD9,THBS1,0.00028764796260148553
SAMSN1,CD74,-0.00027332127153238716
SAMSN1,COL6A3,-8.216064549568575e-05
SAMSN1,THBS1,0.00128689723491007
SAMSN1,VCAN,-8.468265672290948e-05
SBNO2,ALDOA,-9.160501628572222e-05
SBNO2,CD74,-0.00012429722391969235
SBNO2,CENPF,0.0012448216758869973
SBNO2,COL5A1,-0.0007997293796394398
SBNO2,COL6A3,-2.5408739118843062e-06
SBNO2,CTNNB1,0.00244095802906928
SBNO2,FGFR1,0.00023515742612872923
SBNO2,IGF2R,0.0005444106944917218
SBNO2,ITGAV,0.005717962426795404
SBNO2,LTBP1,0.000263917981511029
SBNO2,MKI67,0.0006956610336895725
SBNO2,MMP1,-7.569198341690015e-05
SBNO2,MMP7,-0.0019505823211337823
SBNO2,MX1,0.0026179797672560936
SBNO2,MYC,-0.0009091744013527143
SBNO2,PKM,0.003958625086261521
SBNO2,SPP1,-0.0008242407975406778
SBNO2,THBS1,0.0007166038416471248
SBNO2,VCAN,0.00015499358432483938
SELE,C7,-2.163322286606453e-05
SELE,CD74,-3.402934327357289e-05
SELE,COL6A3,-0.00011846335444456463
SELE,MYC,3.4313306924204966e-05
SELE,THBS1,0.0004278118812521927
SELL,COL5A1,-0.00018974873880671448
SELL,SPP1,-2.1378793438947723e-05
SELL,THBS1,0.0004219024867359644
SELL,VCAN,-7.400434455217929e-05
SELP,CD74,-3.781955313679564e-05
SELP,COL11A1,-1.6737918063399587e-06
SELP,COL5A1,-0.00012330367715118417
SELP,COL6A3,-2.274217974501417e-05
SELP,EGR1,3.9905096524239044e-06
SELP,FGFR1,-0.0001090640775556403
SELP,LTBP1,2.2515227104677895e-05
SELP,SPP1,-2.2478234528843293e-05
SELP,THBS1,0.0002092392333289695
SELP,VCAN,-3.166008747927197e-05
SERPINA1,A2M,-9.269481527296062e-05
SERPINA1,ALDOA,-0.0007469878288951544
SERPINA1,APOE,-0.0006791216371272615
SERPINA1,C7,0.0011803808417266781
SERPINA1,CENPF,9.35808895612697e-05
SERPINA1,COL6A3,-0.00025469844959036806
SERPINA1,CRABP2,0.016445307245614885
SERPINA1,EGR1,0.00034500420470299175
SERPINA1,ERBB2,0.0027162612902826926
SERPINA1,FGFR1,-0.0015773096736993461
SERPINA1,IGF2R,0.004306320869309188
SERPINA1,ITGA6,0.0035019738826767978
SERPINA1,ITGB8,0.0035169007459728927
SERPINA1,LAMC2,-0.004028781408879945
SERPINA1,PKM,0.010280077550725767
SERPINA1,PLOD2,0.007992818478475872
SERPINA1,POLR2A,0.0017688800347033153
SERPINA1,S100A9,-0.006105164062274184
SERPINA1,SPP1,-0.0012542856454321385
SERPINA1,THBS1,0.0009443734237946615
SERPINA1,VCAN,-0.0004025014156625951
SERPINB5,COL6A3,-3.0637213382640955e-05
SERPINB5,THBS1,-2.6115921416030873e-06
SERPINH1,CD74,-0.00039636218633969377
SERPINH1,COL6A3,8.806464792535999e-06
SERPINH1,THBS1,0.0001982978994551503
SFRP1,CD74,-0.0004278891143770008
SFRP1,COL5A1,-0.00011864926687889132
SFRP1,FGFR1,-0.0007278498013698312
SFRP1,ITGB8,0.0015262636294845582
SFRP1,MKI67,-0.0003350698372892819
SFRP1,SPP1,0.0009598872190082768
SFRP1,THBS1,5.8972988948576456e-05
SFRP1,VCAN,-0.00031751680413165373
SFRP4,THBS1,0.0009053552118570087
SGK1,THBS1,0.0025323050530937164
SH2D1A,EGR1,7.904594265594112e-05
SHC2,CD74,-4.707926792520379e-05
SHC2,THBS1,6.680360948294606e-05
SHC2,VCAN,-2.1697475011475276e-05
SIGLEC1,CD74,-6.0922987391193714e-05
SIGLEC1,EGR1,0.0002592814882430653
SIGLEC1,THBS1,0.00011096100336976083
SIGLEC5,THBS1,3.676324559984677e-21
SIGLEC8,EGR1,2.0625921275856394e-21
SIRPA,CD74,-0.00012356538281869006
SIRPA,EGR1,0.0002247156627778261
SIRPA,THBS1,0.0002943889582458714
SLAMF7,CD74,-1.2719038654802794e-20
SLC11A1,THBS1,5.882119295975483e-20
SLC16A1,FGFR1,0.0008073903317646555
SLC1A5,VCAN,3.2652746934647276e-19
SLC7A5,COL6A3,0.0001802381230610068
SLC7A5,THBS1,0.0002082498989607144
SMAD5,CD74,-5.0876154619211175e-20
SMAP1,COL6A3,8.298532147578934e-20
SOCS1,CD74,-1.1435895818575073e-05
SOX10,C7,-1.2777234025247648e-05
SOX10,CD74,-1.1402574097611876e-05
SOX10,EGR1,1.5119875743659353e-05
SOX10,FGFR1,-2.947426602054183e-05
SOX11,ALDOA,-0.0005802401752179484
SOX11,APOE,0.002415076049683422
SOX11,ATM,-0.0006883064839716508
SOX11,B2M,6.693844135255458e-05
SOX11,C7,0.0011579762348100466
SOX11,CD47,0.006974048307329773
SOX11,CD74,-0.0006970264955958685
SOX11,COL5A1,0.0016644421768120287
SOX11,COL6A3,-0.0005511719805937772
SOX11,EGR1,-0.0007468559203180552
SOX11,FGFR1,-0.00037646589581734585
SOX11,HIF1A,-0.0009067991198557439
SOX11,HLA-B,0.0012830275676324907
SOX11,IFITM1,0.0021931218920139446
SOX11,IGF2R,-0.0017370328377806013
SOX11,MYC,0.0018565996194513535
SOX11,PKM,0.0001692657440507964
SOX11,RPL23,-0.00030320557418092933
SOX11,RPL7A,0.000980098656695394
SOX11,SFRP4,0.0004938510037237832
SOX11,TFRC,0.002005630080456131
SOX11,VCAN,-0.00014415824944404948
SOX2,COL6A3,8.298532147578934e-20
STAT1,A2M,-0.006470452208941919
STAT1,APOE,0.00013119502475647014
STAT1,ATM,-0.005192168180588527
STAT1,C7,-0.0029266368002744346
STAT1,CD74,0.00033573371598486667
STAT1,COL6A3,1.1336302232350159e-05
STAT1,EGR1,0.0035759695760707705
STAT1,ERBB2,-0.0017621456463375836
STAT1,ESR1,-0.002030825863761784
STAT1,FGFR1,0.007244863362805986
STAT1,LTBP1,0.0002566292420043995
STAT1,MKI67,0.002203759512316111
STAT1,MMP7,-0.0029045874261262998
STAT1,MX1,-0.0008902906608125278
STAT1,PKM,-0.0031645469099811263
STAT1,POLR2A,-0.006913308727912191
STAT1,RPL23,-0.0015788228110332199
STAT1,RPL7A,0.0023779515410228456
STAT1,S100A9,-0.021567830576718856
STAT1,SPP1,0.014618517334700392
STAT1,STAT1,-0.004016709987328268
STAT1,THBS1,5.267576321650374e-05
STAT4,A2M,0.00030335591824930157
STAT4,B2M,0.0002215081486193485
STAT4,C7,-0.00013072460165105133
STAT4,CD74,-0.000178555545652376
STAT4,COL11A1,-0.0004696113956311038
STAT4,EGR1,7.575586356878675e-05
STAT4,PKM,0.0005171804113357942
STAT4,SPP1,-0.00011773531224669794
STAT4,THBS1,0.00021215106383388658
SYK,C7,5.096575633714888e-20
TAF3,EGR1,1.3551746435189443e-05
TAP1,A2M,-0.00014815583154593285
TAP1,B2M,-0.0005407312057386203
TAP1,COL6A3,-0.0009543562949297993
TAP1,FGFR1,0.005485381377999712
TAP1,LTBP1,0.0007154297982070489
TAP1,MKI67,0.0054305886179005095
TAP1,MMP7,-0.003196967197700421
TAP1,PKM,0.0020075178033867502
TAP1,RPL23,-0.00027565016166935244
TAP1,S100A9,-0.0016394381237991634
TAP1,SPP1,0.001835125436481947
TAP1,THBS1,0.001018437664543449
TAP1,VCAN,0.001694336144333779
TAP2,FGFR1,0.0017443753899169367
TAP2,MKI67,0.002120559133300241
TAP2,PKM,0.0006840387821598152
TAP2,SPP1,0.0009951984510965742
TAP2,VCAN,0.0003795676359172751
TAPBP,THBS1,0.0004745727088186701
TAPBPL,EGR1,1.5383297523761397e-05
TBX21,COL6A3,-3.6153529827815718e-06
TBXAS1,CD74,-0.0001612582104553242
TBXAS1,EGR1,0.0004074261819691133
TBXAS1,THBS1,3.943896751963125e-05
TCF3,CD74,1.0175230923842235e-19
TCL1A,THBS1,3.6521554085243404e-05
TCL1A,VCAN,8.239584041857904e-06
TDO2,A2M,-0.0006209827548036088
TDO2,C7,-0.0002534427447116251
TDO2,COL6A3,-0.0002882587128364431
TDO2,FGFR1,-0.00010692001503865373
TDO2,ITGB8,-0.0002927389574595387
TDO2,LTBP1,0.0015356583150602104
TDO2,MKI67,6.380541559374788e-05
TDO2,MYC,-0.0002795748135102031
TDO2,PKM,0.0002589257296399068
TDO2,S100A9,-0.0006757970339015472
TDO2,SPP1,3.284134950454951e-05
TDO2,THBS1,0.0008633045075225882
TDO2,VCAN,0.00037723178720101646
TGFB1,CD74,-0.0007208594500942698
TGFB1,EGR1,0.0005750033872710245
TGFB1,FGFR1,-0.0007063536821646387
TGFB1,THBS1,0.0012044920902025988
TGFB2,APOE,0.006377943024159523
TGFB2,B2M,0.0007484615708792957
TGFB2,C7,0.0018071394430581118
TGFB2,CD47,0.009822612112750631
TGFB2,CD74,-0.001544605261152405
TGFB2,COL5A1,0.002201665264857818
TGFB2,COL6A3,-0.0018714343914395658
TGFB2,CTNNB1,-0.0019436996000980053
TGFB2,EGR1,-0.0007327962635930406
TGFB2,ESR1,0.0005511424691177108
TGFB2,FGFR1,-0.0007715058145412757
TGFB2,HIF1A,-0.004265280472553773
TGFB2,HLA-B,0.0008374729547321494
TGFB2,ITGAV,-0.00027506005234223264
TGFB2,LTBP1,-0.0005528936476781995
TGFB2,MYC,0.0019724889109764498
TGFB2,NF1,0.000815388753966898
TGFB2,NOTCH2,0.002005441197584279
TGFB2,POLR2A,-0.0014105845648263685
TGFB2,RPL7A,0.002221159723307967
TGFB2,TFRC,0.0012723821083896675
TGFB2,THBS1,0.000658640332761635
TGFB2,VCAN,0.0001341688640020411
TGFB3,B2M,0.001332331584893636
TGFB3,THBS1,0.00024340110524518968
TGFBR1,CD74,-0.0004481435975580256
TGFBR1,THBS1,0.0008284076371989314
TGFBR2,CD74,-5.042043007384986e-05
TGFBR2,EGR1,0.0006780726206183143
TGFBR2,THBS1,0.00014543776340794574
THBD,CD74,-9.961528634110209e-05
THBD,EGR1,0.0001580173780177738
THBD,THBS1,0.00021920758205520353
THBS1,CD74,-0.0055190593077740855
THBS1,THBS1,0.012358550373265555
THY1,THBS1,4.705695436780387e-19
TIE1,A2M,0.00012167950002238461
TIE1,B2M,0.001147387754864013
TIE1,C7,-0.00016376466201276877
TIE1,CD74,-0.00034565177597123224
TIE1,COL11A1,-0.00031206769803459184
TIE1,COL5A1,-0.0001430268914745557
TIE1,SPP1,-8.353784344388011e-05
TIE1,STAT1,0.0007940105078491159
TIE1,THBS1,0.00014475897636708574
TIGIT,EGR1,9.02244001871596e-05
TIGIT,THBS1,4.118236859025436e-05
TLR1,C7,7.080444550977425e-05
TLR1,CD74,-8.117731055599205e-05
TLR1,EGR1,5.747536662791939e-05
TLR1,FGFR1,-6.41428830410624e-05
TLR1,SPP1,0.0001854750749398221
TLR1,THBS1,0.00014799719541705778
TLR2,ALDOA,0.0005193575157366972
TLR2,APOE,-0.00041000403586144825
TLR2,BCAT1,-0.0006059046268449254
TLR2,CD163,0.004177249720671297
TLR2,CD74,-0.0004022540174326674
TLR2,CENPF,0.0007109168467174186
TLR2,COL11A1,-0.00012217882489461078
TLR2,COL5A1,-0.00253712173889488
TLR2,CRABP2,0.0023137386281102297
TLR2,CTNNB1,0.0024461317283219824
TLR2,FGFR1,-0.00016887773978568947
TLR2,FLNB,-0.0006783803781414432
TLR2,GLUL,0.0030307790206314813
TLR2,HLA-B,-0.001545603250367012
TLR2,ITGAV,0.003036204013321189
TLR2,LTBP1,-0.0005063009388447088
TLR2,MKI67,0.0005737693698753115
TLR2,MMP1,-0.0003696249034962502
TLR2,MYC,-0.0007489805170357395
TLR2,PKM,0.0041945667795287985
TLR2,RPL23,-0.0017036386756758837
TLR2,SPP1,-0.002508699592259797
TLR2,THBS1,0.0009147791195610636
TLR2,VCAN,0.000863292608557472
TLR3,CD74,-0.00017334800654344881
TLR3,SPP1,0.00011395532523440838
TLR3,THBS1,0.0001862955904827114
TLR4,CD74,-0.00018276844281141802
TLR4,EGR1,0.00029330913976279217
TLR4,THBS1,2.5409415833492714e-05
TLR5,CD74,-2.0901391777964578e-05
TLR5,EGR1,2.8837269440041135e-06
TLR5,FGFR1,-5.942530679747828e-05
TLR7,B2M,0.00015638745876420636
TLR7,CD74,-6.543527392425726e-05
TLR7,COL5A1,-6.82727499433201e-05
TLR7,EGR1,5.4338785335952364e-05
TLR7,STAT1,0.00012093025285331021
TLR7,THBS1,7.393354822396316e-05
TLR8,A2M,0.00010571722790939518
TLR8,CD74,-0.00010409447020359952
TLR8,COL11A1,-4.647880459668912e-05
TLR8,COL5A1,-7.151489241065596e-05
TLR8,EGR1,8.048782212389696e-05
TLR8,FGFR1,-0.00015279684051447903
TLR8,PKM,0.00026365211784345723
TLR8,RPL7A,-0.0001240864849066275
TLR8,SPP1,-1.700049281921298e-06
TLR8,STAT1,0.0003751474612487792
TLR8,THBS1,5.9762048881268995e-05
TMEM140,CD74,-9.471671163442335e-05
TMEM140,EGR1,8.644760519460345e-05
TMEM140,SPP1,5.875834966771245e-05
TMEM140,THBS1,0.00013518659766901958
STING1,SPP1,3.08173256935294e-19
TNF,COL6A3,1.6597064295157868e-19
TNFAIP3,C7,-0.0005284338941415448
TNFAIP3,CD74,-0.00031014871327222416
TNFAIP3,EGR1,0.0006927735484004193
TNFAIP3,SPP1,-0.00022276228517067662
TNFAIP3,THBS1,0.0011954354411745438
TNFAIP3,VCAN,-0.0004994329393751443
TNFAIP6,THBS1,7.503600456208266e-05
TNFRSF10B,THBS1,2.4891285969868953e-05
TNFRSF10C,B2M,0.00023691640215564724
TNFRSF10C,C7,-0.00012929194923810546
TNFRSF10C,COL11A1,-0.00015940597362962524
TNFRSF10C,COL5A1,-0.00017560476660982233
TNFRSF10C,EGR1,7.62049382122313e-06
TNFRSF10C,FGFR1,-3.6613680733156974e-05
TNFRSF10C,HLA-C,-0.0004319363087341208
TNFRSF10C,MKI67,0.00011556507595968325
TNFRSF10C,NF1,-0.0001248899767374964
TNFRSF10C,PKM,0.0003054164062951188
TNFRSF10C,RPL23,-7.299978263212103e-05
TNFRSF10C,SPP1,-0.00013812165050804354
TNFRSF10C,THBS1,0.0002671152748599517
TNFRSF10D,CD74,-3.7105911712442986e-05
TNFRSF10D,EGR1,3.8984338659651786e-05
TNFRSF11B,A2M,-0.0001858747914469144
TNFRSF11B,C7,-9.207334543215669e-06
TNFRSF11B,CD163,0.00011007588825010458
TNFRSF11B,COL6A3,-0.0005014008478181443
TNFRSF11B,ENO1,0.0029487980758414064
TNFRSF11B,HIF1A,0.0018207796763680564
TNFRSF11B,IGF2R,0.0005153770872090882
TNFRSF11B,LDHA,0.0003405212758849779
TNFRSF11B,LTBP1,0.00011249023777015426
TNFRSF11B,MKI67,-0.0008693632578235971
TNFRSF11B,MMP7,-0.000282161612135931
TNFRSF11B,MYC,0.0006457142092348474
TNFRSF11B,PLOD2,0.00423957084230645
TNFRSF11B,THBS1,0.0001383624959434998
TNFRSF11B,VCAN,0.0004043591504330591
TNFRSF14,C7,-0.00019766309587312912
TNFRSF14,CD74,-0.00028090703046836454
TNFRSF14,COL5A1,-0.0001288843314096908
TNFRSF14,EGR1,0.0006499920333116698
TNFRSF14,LTBP1,-2.1998890900178795e-06
TNFRSF14,PKM,1.088721828502938e-05
TNFRSF14,SPP1,0.0007284591294754435
TNFRSF14,THBS1,-2.2671869991410903e-05
TNFRSF14,VCAN,-0.00020816280947398414
TNFRSF17,THBS1,4.741492562177991e-05
TNFRSF18,B2M,7.481425400078531e-05
TNFRSF18,C7,-9.217692968074236e-07
TNFRSF18,FGFR1,-4.019977907022611e-05
TNFRSF18,PKM,0.00023481941372806915
TNFRSF18,THBS1,1.1277003586093284e-05
TNFRSF18,VCAN,-9.760485043508879e-07
TNFRSF1A,THBS1,0.0002607890342180326
TNFRSF1B,CD74,-0.0003652186295372518
TNFRSF1B,COL11A1,-0.00015068647079150723
TNFRSF1B,COL5A1,-0.0006777899745816549
TNFRSF1B,EGR1,0.00031288067803294557
TNFRSF1B,PKM,0.00261955041749653
TNFRSF1B,SPP1,-4.330984461654968e-05
TNFRSF1B,THBS1,0.000763161203763241
TNFRSF25,CD74,2.9674298255893887e-05
TNFRSF8,C7,-5.429277210907098e-06
TNFRSF8,THBS1,8.59001458371026e-05
TNFRSF9,A2M,0.00013759736533859295
TNFRSF9,CD74,-7.127915375129232e-05
TNFRSF9,CENPF,0.00045785315224850453
TNFRSF9,COL5A1,-0.0002663880025993239
TNFRSF9,COL6A3,-6.039682960824552e-06
TNFRSF9,FGFR1,0.00014239225342839334
TNFRSF9,LTBP1,-0.0001333918956508994
TNFRSF9,MYC,-7.445147260034392e-05
TNFRSF9,PKM,0.0007564460578965774
TNFRSF9,POLR2A,0.0007568214604309384
TNFRSF9,RPL23,-0.0002304230050755566
TNFRSF9,S100A9,-0.00029658749619438545
TNFRSF9,SPP1,-0.00024708885236150735
TNFRSF9,THBS1,0.00033769317348076385
TNFSF12,CD74,-0.0002365533689045073
TNFSF12,EGR1,8.527690750550594e-05
TNFSF12,THBS1,0.00018961421113558377
TNFSF13,B2M,8.239475876019805e-05
TNFSF13,C7,2.658375252730507e-06
TNFSF13,LTBP1,-4.623784911357026e-05
TNFSF13,PKM,0.0016717170037981953
TNFSF13B,A2M,0.0001879111693429271
TNFSF13B,C7,8.576890355995423e-05
TNFSF13B,CD74,-0.0001580457310440319
TNFSF13B,COL5A1,-4.461213132097646e-05
TNFSF13B,COL6A3,-5.3178904058048585e-06
TNFSF13B,CTNNB1,0.00011089115649449348
TNFSF13B,EGR1,8.022714812438366e-07
TNFSF13B,FGFR1,-8.496690097553689e-05
TNFSF13B,SPP1,0.0002207500817389174
TNFSF13B,THBS1,0.00013483188714757437
TNFSF13B,VCAN,4.674099393392216e-05
TNFSF18,EGR1,-1.2770620522615e-05
TNFSF18,LTBP1,0.00010642218061054504
TNFSF4,A2M,-0.00013977763707540236
TNFSF4,ALDOA,-0.0009406036803060646
TNFSF4,APOE,0.00040119273475441907
TNFSF4,ATM,-0.004293642343788332
TNFSF4,B2M,0.0007077642329485461
TNFSF4,C7,5.074301291815094e-05
TNFSF4,CD47,0.004629091102417348
TNFSF4,CD74,-0.0003690144440365423
TNFSF4,COL11A1,0.0013315277320777826
TNFSF4,COL5A1,0.00031379885098292053
TNFSF4,COL6A3,-0.0003289492330597149
TNFSF4,EGR1,-0.00019006658794736922
TNFSF4,ESR1,-2.1740305837709716e-05
TNFSF4,FGFR1,6.106878531848421e-05
TNFSF4,HIF1A,-0.0008411365525040368
TNFSF4,HLA-B,0.0020911235710371497
TNFSF4,ITGB8,-0.0007537100055289678
TNFSF4,LDHA,0.001400204377472754
TNFSF4,LTBP1,-0.0001540963937911033
TNFSF4,MFGE8,0.0037275310547091127
TNFSF4,MYC,0.0003100071563077614
TNFSF4,RPL7A,0.00040806302573104095
TNFSF4,SPP1,4.997767112694146e-05
TNFSF4,TFRC,0.001207246350916623
TNFSF4,THBS1,0.00029788194898551593
TNFSF4,VCAN,-0.00028996547935276125
TNFSF8,EGR1,1.3219411180296165e-05
TNFSF8,THBS1,7.397569656656982e-06
TNFSF9,CD74,-8.151173123443407e-06
TNKS,A2M,1.213550507635424e-05
TNKS,ALDOA,2.78949386312523e-05
TNKS,APOE,0.0014806003241031392
TNKS,ATM,-8.348574704714931e-05
TNKS,BCAT1,-0.000256034892228047
TNKS,C7,0.0002907223362198577
TNKS,CCND1,0.0021062624001781795
TNKS,CD47,0.000450689214722995
TNKS,CD74,-0.0004054835175839889
TNKS,EGR1,-0.0003528284416429902
TNKS,FGFR1,-0.00046566159728326
TNKS,HIF1A,-0.00012230264262237607
TNKS,HLA-B,0.0015154573587077597
TNKS,ITGAV,-0.002787532900909599
TNKS,LAMC2,0.0014141054778775478
TNKS,MMP7,0.00020478080006512884
TNKS,MYC,0.0017641846331791272
TNKS,NOTCH2,0.0003561443283925314
TNKS,RPL23,-0.0003460297448298743
TNKS,TFRC,-0.000151836903028326
TNKS,THBS1,-0.00016413880290036008
TNKS,TPI1,0.0008780487504678536
TP53,CD74,0.0005182464025004721
TP53,COL6A3,-0.0005258100920906055
TP53,EGR1,-0.0003659965842374628
TP53,MYC,0.0006525087648911989
TPI1,COL6A3,6.638825718063147e-19
TPM1,CD74,-0.0017799466969113257
TPSAB1,EGR1,0.00026250637986360576
TRAF1,EGR1,0.00012606589079757442
TRAF1,THBS1,1.5796078699061905e-05
TRAT1,EGR1,5.96650141361222e-05
TRAT1,THBS1,2.1780544058827173e-05
TREM1,THBS1,3.6646276227654656e-05
TREM2,EGR1,0.000334560419368105
TRIM21,EGR1,6.612305813595816e-07
TRIM21,THBS1,0.00010945579538730081
TSLP,CD74,-4.586769462276533e-06
IFT70A,A2M,-0.0002200488759074657
IFT70A,CD74,0.0004189771268468777
IFT70A,EGR1,-0.00021927273735977763
IFT70A,FGFR1,-3.812997002091148e-05
IFT70A,MYC,0.0005674523805287122
IFT70A,THBS1,-0.0001135471233186495
IFT70A,VCAN,-0.00013884066233454834
TWF1,CD74,0.0002354916429735288
TWF1,EGR1,-0.00014583725703554588
TWIST1,C7,8.135472750013179e-06
TWIST1,CD74,-3.0574199219669775e-05
TWIST1,COL5A1,-3.823138252484588e-05
TWIST1,FGFR1,-8.662568351835274e-05
TWIST1,THBS1,0.00018354270973783363
TWIST2,COL6A3,1.2900800932359484e-05
TYMP,THBS1,0.002143652895260347
TYMS,A2M,-0.001115047219085995
TYMS,ALDOA,-0.0014674411246998825
TYMS,B2M,-0.0013573312266856564
TYMS,CD74,0.0014690586132329363
TYMS,COL5A1,0.00024375400913263104
TYMS,CTNNB1,-0.0013320804501474712
TYMS,FGFR1,0.002078614554822334
TYMS,HLA-B,-0.0023368823415668718
TYMS,HLA-C,-0.0014309034480604879
TYMS,MKI67,0.0025711587481546784
TYMS,MYC,-0.0008553769221020482
TYMS,NOTCH2,-0.010904470661483995
TYMS,PIK3R1,0.012270043068470139
TYMS,PKM,-0.0023079630680475152
TYMS,RPL23,0.0004181763468113378
TYMS,SPP1,0.0013902149045353707
TYMS,STAT1,-0.004078777297874314
TYMS,THBS1,-0.0005093877186492119
TYMS,VCAN,0.002260584606306218
UBA7,C7,-1.0193151267429776e-19
VCAM1,CD74,-0.0007114436598931068
VCAM1,THBS1,0.0015677207309305905
VCAN,THBS1,0.001066900316231039
VEGFA,EGR1,-0.00046974854918738717
VEGFA,LTBP1,0.001790291881587298
VEGFB,EGR1,6.600294808274046e-20
VEGFC,CD74,-0.00011496285825272701
VEGFC,EGR1,7.976729538048304e-05
VEGFC,THBS1,0.00015705835768938062
VSIR,EGR1,5.265909637877756e-05
VSIR,THBS1,5.9111819306508715e-05
VTCN1,EGR1,-0.0001520776306189184
WDR76,VCAN,2.0216571721877168e-05
WNT2B,EGR1,-7.256098104631004e-06
WNT2B,VCAN,-2.708757853823887e-05
WNT4,A2M,-0.00010268296089058247
WNT4,ALDOA,0.0001616617776797789
WNT4,APOE,0.00031483920904335465
WNT4,B2M,0.0003188576302928468
WNT4,C7,7.316669687678334e-05
WNT4,CD74,2.008005298470155e-05
WNT4,COL6A3,-0.00014161760960504206
WNT4,FGFR1,0.00019033974748374936
WNT4,HLA-DPA1,-0.0006338444578700528
WNT4,ITGAV,-0.00038803235317799565
WNT4,LTBP1,-0.00038284379555245167
WNT4,MKI67,-0.00010068751378141123
WNT4,MYC,-0.0003046382826332016
WNT4,PKM,-0.00033538705825898675
WNT4,POLR2A,9.897221344280842e-05
WNT4,S100A9,0.0007347528363776531
WNT4,SPP1,-0.00022907842691708186
WNT4,THBS1,0.000239058874694623
WNT4,TPI1,0.0038088222656232217
WNT4,VCAN,-9.847841517664339e-05
WNT5A,ALDOA,2.318611048954784e-05
WNT5A,EGR1,-0.000132325948011456
WNT5A,VCAN,-0.00018407305757237337
WNT5B,SPP1,7.70433142338235e-20
WNT7B,VCAN,0.00014359700014948606
XCL1,EGR1,9.910310767791897e-06
ZAP70,EGR1,0.0002706674348736774
ZC3H12A,EGR1,3.7959475649456745e-05
ZC3H12A,THBS1,3.208153010995023e-05
ZEB1,EGR1,5.46272763211426e-05
ZEB1,THBS1,0.00015771653114138965
ZEB2,A2M,0.007006783808941742
ZEB2,CD74,-0.002336855073041086
ZEB2,COL11A1,-0.0019798555748181132
ZEB2,EGR1,0.0004247145651854156
ZEB2,FGFR1,-0.004011171168844694
ZEB2,SPP1,-0.0004235935810716833
ZEB2,THBS1,0.0017924088441072376
ZEB2,VCAN,-0.0002718395529276017
ABCF1,CD74,6.906330159208992e-05
DNAJC14,CD74,0.00039994785357289547
DNAJC14,COL6A3,0.00018677875891766598
DNAJC14,EGR1,-0.00015285230804978455
DNAJC14,SPP1,-0.0003724619171828996
DNAJC14,THBS1,-0.0004362928310126243
G6PD,COL6A3,1.4791848796500345e-05
GUSB,A2M,-0.00010259319113365942
GUSB,APOE,-0.0005199452441461262
GUSB,BCAT1,0.00017464338612889648
GUSB,C7,-0.0002194908811415432
GUSB,CD74,0.000539779651736819
GUSB,COL11A1,-0.0003778907890712642
GUSB,COL6A3,7.956314565294265e-05
GUSB,EGR1,0.0003726662780583671
GUSB,ERBB2,0.00017646828173804096
GUSB,FGFR1,0.00017085726204268956
GUSB,HIF1A,0.0015680784977838778
GUSB,HLA-C,-0.0015350897137904015
GUSB,HLA-DPA1,-0.001817441473591259
GUSB,ITGAV,-0.0008977943692328845
GUSB,JAG1,-0.0011186713609678755
GUSB,MKI67,-0.0005370431765318245
GUSB,MMP7,0.000855951792681398
GUSB,NOTCH2,-0.000303430451667136
GUSB,POLR2A,0.0004085729053508812
GUSB,RPL23,0.0004179205606636651
GUSB,SPP1,0.0009929524691214616
GUSB,TFRC,-9.703050498902114e-05
GUSB,THBS1,-0.0002876333495896837
NRDE2,B2M,0.00012569619910672426
NRDE2,C7,0.00012251674830880143
NRDE2,COL6A3,2.9776213979533735e-05
NRDE2,EGR1,-0.00010194355156789548
NRDE2,FGFR1,-7.899677476590485e-05
NRDE2,LTBP1,-0.00017846122234218103
NRDE2,PKM,-0.0003877691592638865
NRDE2,RPL23,0.0005169138092901112
NRDE2,SPP1,-2.6441866016934586e-05
NRDE2,THBS1,-0.00013469649639065738
OAZ1,THBS1,0.0004567634348160201
POLR2A,ALDOA,-0.007801353497347549
POLR2A,C7,0.00361509547794096
POLR2A,CD74,0.0005167091961743182
POLR2A,COL11A1,0.02009759327481818
POLR2A,COL6A3,0.0008429739064427719
POLR2A,ERBB2,0.02472109084903616
POLR2A,LTBP1,-0.0029242871401398245
POLR2A,MMP7,0.001370003916944391
POLR2A,MYC,0.0013503481490221843
POLR2A,PKM,0.03354900389943819
POLR2A,S100A9,-0.0037496429298695343
POLR2A,SLC2A1,-0.010352176081098388
POLR2A,STAT1,0.0003989067416687855
POLR2A,THBS1,0.0005704651219301057
POLR2A,VCAN,-0.007046141398682022
PSMC4,COL6A3,-9.786157999749849e-05
PUM1,COL6A3,-0.0003470610828501341
PUM1,EGR1,7.568227900394242e-05
PUM1,SPP1,0.00048598163933437035
STK11IP,EGR1,8.250368510342558e-21
TBC1D10B,CD74,1.2719038654802794e-20
TBP,CD74,-0.00013508801811979866
TBP,COL6A3,-5.450924354847778e-05
TBP,SPP1,3.7540655580023525e-05
TMUB2,CD74,-7.809352606979586e-06
TMUB2,COL6A3,8.064257861424922e-05
TMUB2,EGR1,-0.00021033810570275717
TMUB2,FGFR1,-0.00026665319322299603
TMUB2,LTBP1,-0.00017569310984678782
TMUB2,MMP7,0.0009996730601845995
TMUB2,MYC,0.0005371648098048107
TMUB2,RPL23,7.892214285215666e-05
TMUB2,RPL7A,0.0003255010724798819
TMUB2,S100A9,0.00043440111921338683
TMUB2,VCAN,-0.0002869987725176184
UBB,EGR1,0.00095070167003572
